version:v1.0,,,,,,,,,,,,,,,,
Name (example: Chris Green) [displayName] *,User name (example: chris@contoso.com) [userPrincipalName] *,Initial password [passwordProfile] *,Block sign in (Yes/No) [accountEnabled] *,First name [givenName],Last name [surname],Job title [jobTitle],Department [department],Usage location [usageLocation],Street address [streetAddress],State or province [state],Country or region [country],Office [physicalDeliveryOfficeName],City [city],ZIP or postal code [postalCode],Office phone [telephoneNumber],Mobile phone [mobile]
Ashlynn Larkin,larkina@teamturtle319outlook.onmicrosoft.com,C#Javascript,No,Ashlynn,Larkin,,,,,,,,,,,
Burdette Smith,smithb@teamturtle319outlook.onmicrosoft.com,C#Javascript,No,Burdette,Smith,,,,,,,,,,,
Raymond Turcotte,turcotter@teamturtle319outlook.onmicrosoft.com,C#Javascript,No,Raymond,Turcotte,,,,,,,,,,,
Jonathon Armstrong,armstrongj@teamturtle319outlook.onmicrosoft.com,C#Javascript,No,Jonathon,Armstrong,,,,,,,,,,,
Athena Mertz,mertza@teamturtle319outlook.onmicrosoft.com,C#Javascript,No,Athena,Mertz,,,,,,,,,,,
Jailyn Fahey,faheyj@teamturtle319outlook.onmicrosoft.com,C#Javascript,No,Jailyn,Fahey,,,,,,,,,,,
Maybell Marvin,marvinm@teamturtle319outlook.onmicrosoft.com,C#Javascript,No,Maybell,Marvin,,,,,,,,,,,
Josefa Abshire,abshirej@teamturtle319outlook.onmicrosoft.com,C#Javascript,No,Josefa,Abshire,,,,,,,,,,,
Christ Keebler,keeblerc@teamturtle319outlook.onmicrosoft.com,C#Javascript,No,Christ,Keebler,,,,,,,,,,,
Ewald Heaney,heaneye@teamturtle319outlook.onmicrosoft.com,C#Javascript,No,Ewald,Heaney,,,,,,,,,,,
Sarah Marquardt,marquardts@teamturtle319outlook.onmicrosoft.com,C#Javascript,No,Sarah,Marquardt,,,,,,,,,,,
Holden Raynor,raynorh@teamturtle319outlook.onmicrosoft.com,C#Javascript,No,Holden,Raynor,,,,,,,,,,,
Oma Conn,conno@teamturtle319outlook.onmicrosoft.com,C#Javascript,No,Oma,Conn,,,,,,,,,,,
Tyra Johnston,johnstont@teamturtle319outlook.onmicrosoft.com,C#Javascript,No,Tyra,Johnston,,,,,,,,,,,
Collin Leffler,lefflerc@teamturtle319outlook.onmicrosoft.com,C#Javascript,No,Collin,Leffler,,,,,,,,,,,
Stephon Toy,toys@teamturtle319outlook.onmicrosoft.com,C#Javascript,No,Stephon,Toy,,,,,,,,,,,
Percival Volkman,volkmanp@teamturtle319outlook.onmicrosoft.com,C#Javascript,No,Percival,Volkman,,,,,,,,,,,
Andreane Herman,hermana@teamturtle319outlook.onmicrosoft.com,C#Javascript,No,Andreane,Herman,,,,,,,,,,,
Ahmad Lynch,lyncha@teamturtle319outlook.onmicrosoft.com,C#Javascript,No,Ahmad,Lynch,,,,,,,,,,,
Grady Zieme,ziemeg@teamturtle319outlook.onmicrosoft.com,C#Javascript,No,Grady,Zieme,,,,,,,,,,,
Marco Gottlieb,gottliebm@teamturtle319outlook.onmicrosoft.com,C#Javascript,No,Marco,Gottlieb,,,,,,,,,,,
Alf Kerluke,kerlukea@teamturtle319outlook.onmicrosoft.com,C#Javascript,No,Alf,Kerluke,,,,,,,,,,,
Marcelo Heidenreich,heidenreichm@teamturtle319outlook.onmicrosoft.com,C#Javascript,No,Marcelo,Heidenreich,,,,,,,,,,,
Gussie Cremin,creming@teamturtle319outlook.onmicrosoft.com,C#Javascript,No,Gussie,Cremin,,,,,,,,,,,
Kirk Klocko,klockok@teamturtle319outlook.onmicrosoft.com,C#Javascript,No,Kirk,Klocko,,,,,,,,,,,
Louvenia Terry,terryl@teamturtle319outlook.onmicrosoft.com,C#Javascript,No,Louvenia,Terry,,,,,,,,,,,
Jamir Feeney,feeneyj@teamturtle319outlook.onmicrosoft.com,C#Javascript,No,Jamir,Feeney,,,,,,,,,,,
Kariane Steuber,steuberk@teamturtle319outlook.onmicrosoft.com,C#Javascript,No,Kariane,Steuber,,,,,,,,,,,
Gwen Torp,torpg@teamturtle319outlook.onmicrosoft.com,C#Javascript,No,Gwen,Torp,,,,,,,,,,,
Gwen Waters,watersg@teamturtle319outlook.onmicrosoft.com,C#Javascript,No,Gwen,Waters,,,,,,,,,,,
Luz Balistreri,balistreril@teamturtle319outlook.onmicrosoft.com,C#Javascript,No,Luz,Balistreri,,,,,,,,,,,
Cora Fritsch,fritschc@teamturtle319outlook.onmicrosoft.com,C#Javascript,No,Cora,Fritsch,,,,,,,,,,,
Arjun Johns,johnsa@teamturtle319outlook.onmicrosoft.com,C#Javascript,No,Arjun,Johns,,,,,,,,,,,
Aditya Dickens,dickensa@teamturtle319outlook.onmicrosoft.com,C#Javascript,No,Aditya,Dickens,,,,,,,,,,,
Isom Turcotte,turcottei@teamturtle319outlook.onmicrosoft.com,C#Javascript,No,Isom,Turcotte,,,,,,,,,,,
Kyla Shanahan,shanahank@teamturtle319outlook.onmicrosoft.com,C#Javascript,No,Kyla,Shanahan,,,,,,,,,,,
Trudie Mosciski,mosciskit@teamturtle319outlook.onmicrosoft.com,C#Javascript,No,Trudie,Mosciski,,,,,,,,,,,
Hector Runte,runteh@teamturtle319outlook.onmicrosoft.com,C#Javascript,No,Hector,Runte,,,,,,,,,,,
Stacey Dooley,dooleys@teamturtle319outlook.onmicrosoft.com,C#Javascript,No,Stacey,Dooley,,,,,,,,,,,
Dejuan Homenick,homenickd@teamturtle319outlook.onmicrosoft.com,C#Javascript,No,Dejuan,Homenick,,,,,,,,,,,
Clement Barrows,barrowsc@teamturtle319outlook.onmicrosoft.com,C#Javascript,No,Clement,Barrows,,,,,,,,,,,
Destany Moen,moend@teamturtle319outlook.onmicrosoft.com,C#Javascript,No,Destany,Moen,,,,,,,,,,,
Carmel Collins,collinsc@teamturtle319outlook.onmicrosoft.com,C#Javascript,No,Carmel,Collins,,,,,,,,,,,
Emmy Mann,manne@teamturtle319outlook.onmicrosoft.com,C#Javascript,No,Emmy,Mann,,,,,,,,,,,
Doyle Hansen,hansend@teamturtle319outlook.onmicrosoft.com,C#Javascript,No,Doyle,Hansen,,,,,,,,,,,
Kasey Feeney,feeneyk@teamturtle319outlook.onmicrosoft.com,C#Javascript,No,Kasey,Feeney,,,,,,,,,,,
Christophe Rolfson,rolfsonc@teamturtle319outlook.onmicrosoft.com,C#Javascript,No,Christophe,Rolfson,,,,,,,,,,,
Berta Runolfsdottir,runolfsdottirb@teamturtle319outlook.onmicrosoft.com,C#Javascript,No,Berta,Runolfsdottir,,,,,,,,,,,
Chelsey Anderson,andersonc@teamturtle319outlook.onmicrosoft.com,C#Javascript,No,Chelsey,Anderson,,,,,,,,,,,
Aliyah Sipes,sipesa@teamturtle319outlook.onmicrosoft.com,C#Javascript,No,Aliyah,Sipes,,,,,,,,,,,
Myron Fadel,fadelm@teamturtle319outlook.onmicrosoft.com,C#Javascript,No,Myron,Fadel,,,,,,,,,,,
Elise West,weste@teamturtle319outlook.onmicrosoft.com,C#Javascript,No,Elise,West,,,,,,,,,,,
Carlo Bednar,bednarc@teamturtle319outlook.onmicrosoft.com,C#Javascript,No,Carlo,Bednar,,,,,,,,,,,
Era Franecki,franeckie@teamturtle319outlook.onmicrosoft.com,C#Javascript,No,Era,Franecki,,,,,,,,,,,
Hettie Ankunding,ankundingh@teamturtle319outlook.onmicrosoft.com,C#Javascript,No,Hettie,Ankunding,,,,,,,,,,,
Brionna Schroeder,schroederb@teamturtle319outlook.onmicrosoft.com,C#Javascript,No,Brionna,Schroeder,,,,,,,,,,,
Celine Dare,darec@teamturtle319outlook.onmicrosoft.com,C#Javascript,No,Celine,Dare,,,,,,,,,,,
Elise Abbott,abbotte@teamturtle319outlook.onmicrosoft.com,C#Javascript,No,Elise,Abbott,,,,,,,,,,,
Sheridan Klocko,klockos@teamturtle319outlook.onmicrosoft.com,C#Javascript,No,Sheridan,Klocko,,,,,,,,,,,
Lonny Kautzer,kautzerl@teamturtle319outlook.onmicrosoft.com,C#Javascript,No,Lonny,Kautzer,,,,,,,,,,,
Abdiel Erdman,erdmana@teamturtle319outlook.onmicrosoft.com,C#Javascript,No,Abdiel,Erdman,,,,,,,,,,,
Olen Schimmel,schimmelo@teamturtle319outlook.onmicrosoft.com,C#Javascript,No,Olen,Schimmel,,,,,,,,,,,
Nick Rowe,rowen@teamturtle319outlook.onmicrosoft.com,C#Javascript,No,Nick,Rowe,,,,,,,,,,,
Grace Anderson,andersong@teamturtle319outlook.onmicrosoft.com,C#Javascript,No,Grace,Anderson,,,,,,,,,,,
William Schowalter,schowalterw@teamturtle319outlook.onmicrosoft.com,C#Javascript,No,William,Schowalter,,,,,,,,,,,
Addie Turcotte,turcottea@teamturtle319outlook.onmicrosoft.com,C#Javascript,No,Addie,Turcotte,,,,,,,,,,,
Zakary Walter,walterz@teamturtle319outlook.onmicrosoft.com,C#Javascript,No,Zakary,Walter,,,,,,,,,,,
Alfonzo Adams,adamsa@teamturtle319outlook.onmicrosoft.com,C#Javascript,No,Alfonzo,Adams,,,,,,,,,,,
Mikel Crona,cronam@teamturtle319outlook.onmicrosoft.com,C#Javascript,No,Mikel,Crona,,,,,,,,,,,
Edwardo Kunze,kunzee@teamturtle319outlook.onmicrosoft.com,C#Javascript,No,Edwardo,Kunze,,,,,,,,,,,
Mckenna Satterfield,satterfieldm@teamturtle319outlook.onmicrosoft.com,C#Javascript,No,Mckenna,Satterfield,,,,,,,,,,,
Lura Jakubowski,jakubowskil@teamturtle319outlook.onmicrosoft.com,C#Javascript,No,Lura,Jakubowski,,,,,,,,,,,
Gerardo Rath,rathg@teamturtle319outlook.onmicrosoft.com,C#Javascript,No,Gerardo,Rath,,,,,,,,,,,
Astrid Wiegand,wieganda@teamturtle319outlook.onmicrosoft.com,C#Javascript,No,Astrid,Wiegand,,,,,,,,,,,
Marquis Baumbach,baumbachm@teamturtle319outlook.onmicrosoft.com,C#Javascript,No,Marquis,Baumbach,,,,,,,,,,,
Ike Blanda,blandai@teamturtle319outlook.onmicrosoft.com,C#Javascript,No,Ike,Blanda,,,,,,,,,,,
Anjali Gorczany,gorczanya@teamturtle319outlook.onmicrosoft.com,C#Javascript,No,Anjali,Gorczany,,,,,,,,,,,
Jarrod Larkin,larkinj@teamturtle319outlook.onmicrosoft.com,C#Javascript,No,Jarrod,Larkin,,,,,,,,,,,
Cordell Okuneva,okunevac@teamturtle319outlook.onmicrosoft.com,C#Javascript,No,Cordell,Okuneva,,,,,,,,,,,
Jordan Corkery,corkeryj@teamturtle319outlook.onmicrosoft.com,C#Javascript,No,Jordan,Corkery,,,,,,,,,,,
Rosemary OReilly,oreillyr@teamturtle319outlook.onmicrosoft.com,C#Javascript,No,Rosemary,OReilly,,,,,,,,,,,
Harold Torp,torph@teamturtle319outlook.onmicrosoft.com,C#Javascript,No,Harold,Torp,,,,,,,,,,,
Daniela White,whited@teamturtle319outlook.onmicrosoft.com,C#Javascript,No,Daniela,White,,,,,,,,,,,
Daryl Prohaska,prohaskad@teamturtle319outlook.onmicrosoft.com,C#Javascript,No,Daryl,Prohaska,,,,,,,,,,,
Benny Davis,davisb@teamturtle319outlook.onmicrosoft.com,C#Javascript,No,Benny,Davis,,,,,,,,,,,
Candace Ernser,ernserc@teamturtle319outlook.onmicrosoft.com,C#Javascript,No,Candace,Ernser,,,,,,,,,,,
Jerod Crist,cristj@teamturtle319outlook.onmicrosoft.com,C#Javascript,No,Jerod,Crist,,,,,,,,,,,
Coy Hansen,hansenc@teamturtle319outlook.onmicrosoft.com,C#Javascript,No,Coy,Hansen,,,,,,,,,,,
Johathan Walker,walkerj@teamturtle319outlook.onmicrosoft.com,C#Javascript,No,Johathan,Walker,,,,,,,,,,,
Leila Hane,hanel@teamturtle319outlook.onmicrosoft.com,C#Javascript,No,Leila,Hane,,,,,,,,,,,
Hailie Mayert,mayerth@teamturtle319outlook.onmicrosoft.com,C#Javascript,No,Hailie,Mayert,,,,,,,,,,,
Elisabeth Schmeler,schmelere@teamturtle319outlook.onmicrosoft.com,C#Javascript,No,Elisabeth,Schmeler,,,,,,,,,,,
Sylvan Mayer,mayers@teamturtle319outlook.onmicrosoft.com,C#Javascript,No,Sylvan,Mayer,,,,,,,,,,,
Modesto Larkin,larkinm@teamturtle319outlook.onmicrosoft.com,C#Javascript,No,Modesto,Larkin,,,,,,,,,,,
Valentine Donnelly,donnellyv@teamturtle319outlook.onmicrosoft.com,C#Javascript,No,Valentine,Donnelly,,,,,,,,,,,
Kole Klein,kleink@teamturtle319outlook.onmicrosoft.com,C#Javascript,No,Kole,Klein,,,,,,,,,,,
Delta Funk,funkd@teamturtle319outlook.onmicrosoft.com,C#Javascript,No,Delta,Funk,,,,,,,,,,,
Katarina Hodkiewicz,hodkiewiczk@teamturtle319outlook.onmicrosoft.com,C#Javascript,No,Katarina,Hodkiewicz,,,,,,,,,,,
Waino Ruecker,rueckerw@teamturtle319outlook.onmicrosoft.com,C#Javascript,No,Waino,Ruecker,,,,,,,,,,,
Cortez Rau,rauc@teamturtle319outlook.onmicrosoft.com,C#Javascript,No,Cortez,Rau,,,,,,,,,,,
Viva Bechtelar,bechtelarv@teamturtle319outlook.onmicrosoft.com,C#Javascript,No,Viva,Bechtelar,,,,,,,,,,,
Giovanna Hudson,hudsong@teamturtle319outlook.onmicrosoft.com,C#Javascript,No,Giovanna,Hudson,,,,,,,,,,,
Everett Batz,batze@teamturtle319outlook.onmicrosoft.com,C#Javascript,No,Everett,Batz,,,,,,,,,,,
Janick Barton,bartonj@teamturtle319outlook.onmicrosoft.com,C#Javascript,No,Janick,Barton,,,,,,,,,,,
Orpha Anderson,andersono@teamturtle319outlook.onmicrosoft.com,C#Javascript,No,Orpha,Anderson,,,,,,,,,,,
Howard Gutmann,gutmannh@teamturtle319outlook.onmicrosoft.com,C#Javascript,No,Howard,Gutmann,,,,,,,,,,,
Kara Zemlak,zemlakk@teamturtle319outlook.onmicrosoft.com,C#Javascript,No,Kara,Zemlak,,,,,,,,,,,
Wilfred Hamill,hamillw@teamturtle319outlook.onmicrosoft.com,C#Javascript,No,Wilfred,Hamill,,,,,,,,,,,
Nat Spencer,spencern@teamturtle319outlook.onmicrosoft.com,C#Javascript,No,Nat,Spencer,,,,,,,,,,,
Judson Prohaska,prohaskaj@teamturtle319outlook.onmicrosoft.com,C#Javascript,No,Judson,Prohaska,,,,,,,,,,,
Ottilie Lockman,lockmano@teamturtle319outlook.onmicrosoft.com,C#Javascript,No,Ottilie,Lockman,,,,,,,,,,,
Camilla Turner,turnerc@teamturtle319outlook.onmicrosoft.com,C#Javascript,No,Camilla,Turner,,,,,,,,,,,
Lonie Wolff,wolffl@teamturtle319outlook.onmicrosoft.com,C#Javascript,No,Lonie,Wolff,,,,,,,,,,,
Shane Kautzer,kautzers@teamturtle319outlook.onmicrosoft.com,C#Javascript,No,Shane,Kautzer,,,,,,,,,,,
Alysson Renner,rennera@teamturtle319outlook.onmicrosoft.com,C#Javascript,No,Alysson,Renner,,,,,,,,,,,
Jodie Glover,gloverj@teamturtle319outlook.onmicrosoft.com,C#Javascript,No,Jodie,Glover,,,,,,,,,,,
Mark Purdy,purdym@teamturtle319outlook.onmicrosoft.com,C#Javascript,No,Mark,Purdy,,,,,,,,,,,
Kaley Schiller,schillerk@teamturtle319outlook.onmicrosoft.com,C#Javascript,No,Kaley,Schiller,,,,,,,,,,,
Emmitt Steuber,steubere@teamturtle319outlook.onmicrosoft.com,C#Javascript,No,Emmitt,Steuber,,,,,,,,,,,
Lavon Shanahan,shanahanl@teamturtle319outlook.onmicrosoft.com,C#Javascript,No,Lavon,Shanahan,,,,,,,,,,,
Ben Kautzer,kautzerb@teamturtle319outlook.onmicrosoft.com,C#Javascript,No,Ben,Kautzer,,,,,,,,,,,
Andre Kshlerin,kshlerina@teamturtle319outlook.onmicrosoft.com,C#Javascript,No,Andre,Kshlerin,,,,,,,,,,,
Dayna Buckridge,buckridged@teamturtle319outlook.onmicrosoft.com,C#Javascript,No,Dayna,Buckridge,,,,,,,,,,,
Katelin Krajcik,krajcikk@teamturtle319outlook.onmicrosoft.com,C#Javascript,No,Katelin,Krajcik,,,,,,,,,,,
Reynold Pacocha,pacochar@teamturtle319outlook.onmicrosoft.com,C#Javascript,No,Reynold,Pacocha,,,,,,,,,,,
Frankie Rowe,rowef@teamturtle319outlook.onmicrosoft.com,C#Javascript,No,Frankie,Rowe,,,,,,,,,,,
Dovie Price,priced@teamturtle319outlook.onmicrosoft.com,C#Javascript,No,Dovie,Price,,,,,,,,,,,
Vernie Heathcote,heathcotev@teamturtle319outlook.onmicrosoft.com,C#Javascript,No,Vernie,Heathcote,,,,,,,,,,,
Amara VonRueden,vonruedena@teamturtle319outlook.onmicrosoft.com,C#Javascript,No,Amara,VonRueden,,,,,,,,,,,
Krystel Tremblay,tremblayk@teamturtle319outlook.onmicrosoft.com,C#Javascript,No,Krystel,Tremblay,,,,,,,,,,,
Laisha Reichel,reichell@teamturtle319outlook.onmicrosoft.com,C#Javascript,No,Laisha,Reichel,,,,,,,,,,,
Archibald Conn,conna@teamturtle319outlook.onmicrosoft.com,C#Javascript,No,Archibald,Conn,,,,,,,,,,,
Jules Dibbert,dibbertj@teamturtle319outlook.onmicrosoft.com,C#Javascript,No,Jules,Dibbert,,,,,,,,,,,
Rodger Effertz,effertzr@teamturtle319outlook.onmicrosoft.com,C#Javascript,No,Rodger,Effertz,,,,,,,,,,,
Wava Fahey,faheyw@teamturtle319outlook.onmicrosoft.com,C#Javascript,No,Wava,Fahey,,,,,,,,,,,
Darrion Dicki,dickid@teamturtle319outlook.onmicrosoft.com,C#Javascript,No,Darrion,Dicki,,,,,,,,,,,
Retta Heller,hellerr@teamturtle319outlook.onmicrosoft.com,C#Javascript,No,Retta,Heller,,,,,,,,,,,
Garland Cartwright,cartwrightg@teamturtle319outlook.onmicrosoft.com,C#Javascript,No,Garland,Cartwright,,,,,,,,,,,
Laverne Lueilwitz,lueilwitzl@teamturtle319outlook.onmicrosoft.com,C#Javascript,No,Laverne,Lueilwitz,,,,,,,,,,,
Bryce Walter,walterb@teamturtle319outlook.onmicrosoft.com,C#Javascript,No,Bryce,Walter,,,,,,,,,,,
Bailey Spencer,spencerb@teamturtle319outlook.onmicrosoft.com,C#Javascript,No,Bailey,Spencer,,,,,,,,,,,
Mavis Kling,klingm@teamturtle319outlook.onmicrosoft.com,C#Javascript,No,Mavis,Kling,,,,,,,,,,,
Toy Rath,ratht@teamturtle319outlook.onmicrosoft.com,C#Javascript,No,Toy,Rath,,,,,,,,,,,
Coty Lubowitz,lubowitzc@teamturtle319outlook.onmicrosoft.com,C#Javascript,No,Coty,Lubowitz,,,,,,,,,,,
Zena Raynor,raynorz@teamturtle319outlook.onmicrosoft.com,C#Javascript,No,Zena,Raynor,,,,,,,,,,,
Tre Paucek,paucekt@teamturtle319outlook.onmicrosoft.com,C#Javascript,No,Tre,Paucek,,,,,,,,,,,
Blanca Goodwin,goodwinb@teamturtle319outlook.onmicrosoft.com,C#Javascript,No,Blanca,Goodwin,,,,,,,,,,,
Lucienne Macejkovic,macejkovicl@teamturtle319outlook.onmicrosoft.com,C#Javascript,No,Lucienne,Macejkovic,,,,,,,,,,,
Davon Huels,huelsd@teamturtle319outlook.onmicrosoft.com,C#Javascript,No,Davon,Huels,,,,,,,,,,,
Conner Gulgowski,gulgowskic@teamturtle319outlook.onmicrosoft.com,C#Javascript,No,Conner,Gulgowski,,,,,,,,,,,
Noemy Dickens,dickensn@teamturtle319outlook.onmicrosoft.com,C#Javascript,No,Noemy,Dickens,,,,,,,,,,,
Meagan Leffler,lefflerm@teamturtle319outlook.onmicrosoft.com,C#Javascript,No,Meagan,Leffler,,,,,,,,,,,
Dwight Witting,wittingd@teamturtle319outlook.onmicrosoft.com,C#Javascript,No,Dwight,Witting,,,,,,,,,,,
Tyson Schmeler,schmelert@teamturtle319outlook.onmicrosoft.com,C#Javascript,No,Tyson,Schmeler,,,,,,,,,,,
Boyd Ledner,lednerb@teamturtle319outlook.onmicrosoft.com,C#Javascript,No,Boyd,Ledner,,,,,,,,,,,
Jessika Bernier,bernierj@teamturtle319outlook.onmicrosoft.com,C#Javascript,No,Jessika,Bernier,,,,,,,,,,,
Abbie Lang,langa@teamturtle319outlook.onmicrosoft.com,C#Javascript,No,Abbie,Lang,,,,,,,,,,,
Chanelle Bartell,bartellc@teamturtle319outlook.onmicrosoft.com,C#Javascript,No,Chanelle,Bartell,,,,,,,,,,,
Payton Mueller,muellerp@teamturtle319outlook.onmicrosoft.com,C#Javascript,No,Payton,Mueller,,,,,,,,,,,
Lela MacGyver,macgyverl@teamturtle319outlook.onmicrosoft.com,C#Javascript,No,Lela,MacGyver,,,,,,,,,,,
Katharina Kiehn,kiehnk@teamturtle319outlook.onmicrosoft.com,C#Javascript,No,Katharina,Kiehn,,,,,,,,,,,
Marty Klocko,klockom@teamturtle319outlook.onmicrosoft.com,C#Javascript,No,Marty,Klocko,,,,,,,,,,,
Dedrick Monahan,monahand@teamturtle319outlook.onmicrosoft.com,C#Javascript,No,Dedrick,Monahan,,,,,,,,,,,
Lilliana Bergstrom,bergstroml@teamturtle319outlook.onmicrosoft.com,C#Javascript,No,Lilliana,Bergstrom,,,,,,,,,,,
Princess Beahan,beahanp@teamturtle319outlook.onmicrosoft.com,C#Javascript,No,Princess,Beahan,,,,,,,,,,,
Jaylin Spencer,spencerj@teamturtle319outlook.onmicrosoft.com,C#Javascript,No,Jaylin,Spencer,,,,,,,,,,,
Emma Ferry,ferrye@teamturtle319outlook.onmicrosoft.com,C#Javascript,No,Emma,Ferry,,,,,,,,,,,
Claud Volkman,volkmanc@teamturtle319outlook.onmicrosoft.com,C#Javascript,No,Claud,Volkman,,,,,,,,,,,
Marisa Breitenberg,breitenbergm@teamturtle319outlook.onmicrosoft.com,C#Javascript,No,Marisa,Breitenberg,,,,,,,,,,,
John Reilly,reillyj@teamturtle319outlook.onmicrosoft.com,C#Javascript,No,John,Reilly,,,,,,,,,,,
Ibrahim Mertz,mertzi@teamturtle319outlook.onmicrosoft.com,C#Javascript,No,Ibrahim,Mertz,,,,,,,,,,,
Etha Moen,moene@teamturtle319outlook.onmicrosoft.com,C#Javascript,No,Etha,Moen,,,,,,,,,,,
Alexane OHara,oharaa@teamturtle319outlook.onmicrosoft.com,C#Javascript,No,Alexane,OHara,,,,,,,,,,,
Kenneth Turcotte,turcottek@teamturtle319outlook.onmicrosoft.com,C#Javascript,No,Kenneth,Turcotte,,,,,,,,,,,
Jamir Conn,connj@teamturtle319outlook.onmicrosoft.com,C#Javascript,No,Jamir,Conn,,,,,,,,,,,
Dominic Wyman,wymand@teamturtle319outlook.onmicrosoft.com,C#Javascript,No,Dominic,Wyman,,,,,,,,,,,
Blanca Cronin,croninb@teamturtle319outlook.onmicrosoft.com,C#Javascript,No,Blanca,Cronin,,,,,,,,,,,
Enrico Lueilwitz,lueilwitze@teamturtle319outlook.onmicrosoft.com,C#Javascript,No,Enrico,Lueilwitz,,,,,,,,,,,
Triston Roob,roobt@teamturtle319outlook.onmicrosoft.com,C#Javascript,No,Triston,Roob,,,,,,,,,,,
Genoveva Murphy,murphyg@teamturtle319outlook.onmicrosoft.com,C#Javascript,No,Genoveva,Murphy,,,,,,,,,,,
Favian OHara,oharaf@teamturtle319outlook.onmicrosoft.com,C#Javascript,No,Favian,OHara,,,,,,,,,,,
Era Wiegand,wiegande@teamturtle319outlook.onmicrosoft.com,C#Javascript,No,Era,Wiegand,,,,,,,,,,,
Ethelyn Aufderhar,aufderhare@teamturtle319outlook.onmicrosoft.com,C#Javascript,No,Ethelyn,Aufderhar,,,,,,,,,,,
Connor Jacobs,jacobsc@teamturtle319outlook.onmicrosoft.com,C#Javascript,No,Connor,Jacobs,,,,,,,,,,,
Sadie Stiedemann,stiedemanns@teamturtle319outlook.onmicrosoft.com,C#Javascript,No,Sadie,Stiedemann,,,,,,,,,,,
Velda Beahan,beahanv@teamturtle319outlook.onmicrosoft.com,C#Javascript,No,Velda,Beahan,,,,,,,,,,,
Addie Pfeffer,pfeffera@teamturtle319outlook.onmicrosoft.com,C#Javascript,No,Addie,Pfeffer,,,,,,,,,,,
Buddy Kling,klingb@teamturtle319outlook.onmicrosoft.com,C#Javascript,No,Buddy,Kling,,,,,,,,,,,
Josephine Eichmann,eichmannj@teamturtle319outlook.onmicrosoft.com,C#Javascript,No,Josephine,Eichmann,,,,,,,,,,,
Ines Skiles,skilesi@teamturtle319outlook.onmicrosoft.com,C#Javascript,No,Ines,Skiles,,,,,,,,,,,
Joshuah Rogahn,rogahnj@teamturtle319outlook.onmicrosoft.com,C#Javascript,No,Joshuah,Rogahn,,,,,,,,,,,
Macey Mueller,muellerm@teamturtle319outlook.onmicrosoft.com,C#Javascript,No,Macey,Mueller,,,,,,,,,,,
Jaleel Dicki,dickij@teamturtle319outlook.onmicrosoft.com,C#Javascript,No,Jaleel,Dicki,,,,,,,,,,,
Keven Gislason,gislasonk@teamturtle319outlook.onmicrosoft.com,C#Javascript,No,Keven,Gislason,,,,,,,,,,,
Obie Witting,wittingo@teamturtle319outlook.onmicrosoft.com,C#Javascript,No,Obie,Witting,,,,,,,,,,,
Sandy Hamill,hamills@teamturtle319outlook.onmicrosoft.com,C#Javascript,No,Sandy,Hamill,,,,,,,,,,,
Dillan Wolf,wolfd@teamturtle319outlook.onmicrosoft.com,C#Javascript,No,Dillan,Wolf,,,,,,,,,,,
Kayden Effertz,effertzk@teamturtle319outlook.onmicrosoft.com,C#Javascript,No,Kayden,Effertz,,,,,,,,,,,
Jarret Tremblay,tremblayj@teamturtle319outlook.onmicrosoft.com,C#Javascript,No,Jarret,Tremblay,,,,,,,,,,,
Steve Vandervort,vandervorts@teamturtle319outlook.onmicrosoft.com,C#Javascript,No,Steve,Vandervort,,,,,,,,,,,
Trevor Gusikowski,gusikowskit@teamturtle319outlook.onmicrosoft.com,C#Javascript,No,Trevor,Gusikowski,,,,,,,,,,,
Selmer Kassulke,kassulkes@teamturtle319outlook.onmicrosoft.com,C#Javascript,No,Selmer,Kassulke,,,,,,,,,,,
Alessia McCullough,mccullougha@teamturtle319outlook.onmicrosoft.com,C#Javascript,No,Alessia,McCullough,,,,,,,,,,,
Ruthe Ortiz,ortizr@teamturtle319outlook.onmicrosoft.com,C#Javascript,No,Ruthe,Ortiz,,,,,,,,,,,
Laurel Towne,townel@teamturtle319outlook.onmicrosoft.com,C#Javascript,No,Laurel,Towne,,,,,,,,,,,
Cassidy Wisoky,wisokyc@teamturtle319outlook.onmicrosoft.com,C#Javascript,No,Cassidy,Wisoky,,,,,,,,,,,
Humberto Hettinger,hettingerh@teamturtle319outlook.onmicrosoft.com,C#Javascript,No,Humberto,Hettinger,,,,,,,,,,,
Caesar Beatty,beattyc@teamturtle319outlook.onmicrosoft.com,C#Javascript,No,Caesar,Beatty,,,,,,,,,,,
Chaz DuBuque,dubuquec@teamturtle319outlook.onmicrosoft.com,C#Javascript,No,Chaz,DuBuque,,,,,,,,,,,
Araceli OKeefe,okeefea@teamturtle319outlook.onmicrosoft.com,C#Javascript,No,Araceli,OKeefe,,,,,,,,,,,
Darrel Larkin,larkind@teamturtle319outlook.onmicrosoft.com,C#Javascript,No,Darrel,Larkin,,,,,,,,,,,
Monique Kutch,kutchm@teamturtle319outlook.onmicrosoft.com,C#Javascript,No,Monique,Kutch,,,,,,,,,,,
Crawford Jaskolski,jaskolskic@teamturtle319outlook.onmicrosoft.com,C#Javascript,No,Crawford,Jaskolski,,,,,,,,,,,
Shirley Anderson,andersons@teamturtle319outlook.onmicrosoft.com,C#Javascript,No,Shirley,Anderson,,,,,,,,,,,
Harvey Zboncak,zboncakh@teamturtle319outlook.onmicrosoft.com,C#Javascript,No,Harvey,Zboncak,,,,,,,,,,,
Kirk Hermann,hermannk@teamturtle319outlook.onmicrosoft.com,C#Javascript,No,Kirk,Hermann,,,,,,,,,,,
Wilbert Bergstrom,bergstromw@teamturtle319outlook.onmicrosoft.com,C#Javascript,No,Wilbert,Bergstrom,,,,,,,,,,,
Monty Turcotte,turcottem@teamturtle319outlook.onmicrosoft.com,C#Javascript,No,Monty,Turcotte,,,,,,,,,,,
Levi Barrows,barrowsl@teamturtle319outlook.onmicrosoft.com,C#Javascript,No,Levi,Barrows,,,,,,,,,,,
Osborne White,whiteo@teamturtle319outlook.onmicrosoft.com,C#Javascript,No,Osborne,White,,,,,,,,,,,
Zelda Ebert,ebertz@teamturtle319outlook.onmicrosoft.com,C#Javascript,No,Zelda,Ebert,,,,,,,,,,,
Hermann Reilly,reillyh@teamturtle319outlook.onmicrosoft.com,C#Javascript,No,Hermann,Reilly,,,,,,,,,,,
Mateo Robel,robelm@teamturtle319outlook.onmicrosoft.com,C#Javascript,No,Mateo,Robel,,,,,,,,,,,
Americo Rolfson,rolfsona@teamturtle319outlook.onmicrosoft.com,C#Javascript,No,Americo,Rolfson,,,,,,,,,,,
Pearline Heller,hellerp@teamturtle319outlook.onmicrosoft.com,C#Javascript,No,Pearline,Heller,,,,,,,,,,,
Duane Watsica,watsicad@teamturtle319outlook.onmicrosoft.com,C#Javascript,No,Duane,Watsica,,,,,,,,,,,
Dorcas Powlowski,powlowskid@teamturtle319outlook.onmicrosoft.com,C#Javascript,No,Dorcas,Powlowski,,,,,,,,,,,
Kristina Bailey,baileyk@teamturtle319outlook.onmicrosoft.com,C#Javascript,No,Kristina,Bailey,,,,,,,,,,,
Addie Hayes,hayesa@teamturtle319outlook.onmicrosoft.com,C#Javascript,No,Addie,Hayes,,,,,,,,,,,
Felicia Murazik,murazikf@teamturtle319outlook.onmicrosoft.com,C#Javascript,No,Felicia,Murazik,,,,,,,,,,,
Zechariah Medhurst,medhurstz@teamturtle319outlook.onmicrosoft.com,C#Javascript,No,Zechariah,Medhurst,,,,,,,,,,,
Demetris Emmerich,emmerichd@teamturtle319outlook.onmicrosoft.com,C#Javascript,No,Demetris,Emmerich,,,,,,,,,,,
Katheryn Jaskolski,jaskolskik@teamturtle319outlook.onmicrosoft.com,C#Javascript,No,Katheryn,Jaskolski,,,,,,,,,,,
Orpha Jacobson,jacobsono@teamturtle319outlook.onmicrosoft.com,C#Javascript,No,Orpha,Jacobson,,,,,,,,,,,
Tyrese Cartwright,cartwrightt@teamturtle319outlook.onmicrosoft.com,C#Javascript,No,Tyrese,Cartwright,,,,,,,,,,,
Kacey Conroy,conroyk@teamturtle319outlook.onmicrosoft.com,C#Javascript,No,Kacey,Conroy,,,,,,,,,,,
Kaela Hand,handk@teamturtle319outlook.onmicrosoft.com,C#Javascript,No,Kaela,Hand,,,,,,,,,,,
Tamia Bauch,baucht@teamturtle319outlook.onmicrosoft.com,C#Javascript,No,Tamia,Bauch,,,,,,,,,,,
Alycia Jenkins,jenkinsa@teamturtle319outlook.onmicrosoft.com,C#Javascript,No,Alycia,Jenkins,,,,,,,,,,,
Hyman Kunze,kunzeh@teamturtle319outlook.onmicrosoft.com,C#Javascript,No,Hyman,Kunze,,,,,,,,,,,
Terrill Lockman,lockmant@teamturtle319outlook.onmicrosoft.com,C#Javascript,No,Terrill,Lockman,,,,,,,,,,,
Nina Ankunding,ankundingn@teamturtle319outlook.onmicrosoft.com,C#Javascript,No,Nina,Ankunding,,,,,,,,,,,
Moshe Brekke,brekkem@teamturtle319outlook.onmicrosoft.com,C#Javascript,No,Moshe,Brekke,,,,,,,,,,,
Tobin Swaniawski,swaniawskit@teamturtle319outlook.onmicrosoft.com,C#Javascript,No,Tobin,Swaniawski,,,,,,,,,,,
Mia Carroll,carrollm@teamturtle319outlook.onmicrosoft.com,C#Javascript,No,Mia,Carroll,,,,,,,,,,,
Prince Cummerata,cummeratap@teamturtle319outlook.onmicrosoft.com,C#Javascript,No,Prince,Cummerata,,,,,,,,,,,
Freddy Davis,davisf@teamturtle319outlook.onmicrosoft.com,C#Javascript,No,Freddy,Davis,,,,,,,,,,,
Vena Yost,yostv@teamturtle319outlook.onmicrosoft.com,C#Javascript,No,Vena,Yost,,,,,,,,,,,
Kristian Balistreri,balistrerik@teamturtle319outlook.onmicrosoft.com,C#Javascript,No,Kristian,Balistreri,,,,,,,,,,,
Caleigh Cassin,cassinc@teamturtle319outlook.onmicrosoft.com,C#Javascript,No,Caleigh,Cassin,,,,,,,,,,,
Kelvin Doyle,doylek@teamturtle319outlook.onmicrosoft.com,C#Javascript,No,Kelvin,Doyle,,,,,,,,,,,
Stewart Reilly,reillys@teamturtle319outlook.onmicrosoft.com,C#Javascript,No,Stewart,Reilly,,,,,,,,,,,
Carleton Greenholt,greenholtc@teamturtle319outlook.onmicrosoft.com,C#Javascript,No,Carleton,Greenholt,,,,,,,,,,,
Franco Heller,hellerf@teamturtle319outlook.onmicrosoft.com,C#Javascript,No,Franco,Heller,,,,,,,,,,,
Jonas Greenholt,greenholtj@teamturtle319outlook.onmicrosoft.com,C#Javascript,No,Jonas,Greenholt,,,,,,,,,,,
Cesar Prosacco,prosaccoc@teamturtle319outlook.onmicrosoft.com,C#Javascript,No,Cesar,Prosacco,,,,,,,,,,,
Stephen Satterfield,satterfields@teamturtle319outlook.onmicrosoft.com,C#Javascript,No,Stephen,Satterfield,,,,,,,,,,,
Jamie Legros,legrosj@teamturtle319outlook.onmicrosoft.com,C#Javascript,No,Jamie,Legros,,,,,,,,,,,
Gabriel Funk,funkg@teamturtle319outlook.onmicrosoft.com,C#Javascript,No,Gabriel,Funk,,,,,,,,,,,
Camryn Flatley,flatleyc@teamturtle319outlook.onmicrosoft.com,C#Javascript,No,Camryn,Flatley,,,,,,,,,,,
Rosalee Wintheiser,wintheiserr@teamturtle319outlook.onmicrosoft.com,C#Javascript,No,Rosalee,Wintheiser,,,,,,,,,,,
Meredith Schulist,schulistm@teamturtle319outlook.onmicrosoft.com,C#Javascript,No,Meredith,Schulist,,,,,,,,,,,
Mary King,kingm@teamturtle319outlook.onmicrosoft.com,C#Javascript,No,Mary,King,,,,,,,,,,,
Daryl Reilly,reillyd@teamturtle319outlook.onmicrosoft.com,C#Javascript,No,Daryl,Reilly,,,,,,,,,,,
Kadin Reichel,reichelk@teamturtle319outlook.onmicrosoft.com,C#Javascript,No,Kadin,Reichel,,,,,,,,,,,
Marshall Hauck,hauckm@teamturtle319outlook.onmicrosoft.com,C#Javascript,No,Marshall,Hauck,,,,,,,,,,,
Clifton Weimann,weimannc@teamturtle319outlook.onmicrosoft.com,C#Javascript,No,Clifton,Weimann,,,,,,,,,,,
Rae Jerde,jerder@teamturtle319outlook.onmicrosoft.com,C#Javascript,No,Rae,Jerde,,,,,,,,,,,
Mohamed Wisoky,wisokym@teamturtle319outlook.onmicrosoft.com,C#Javascript,No,Mohamed,Wisoky,,,,,,,,,,,
Lisa Wintheiser,wintheiserl@teamturtle319outlook.onmicrosoft.com,C#Javascript,No,Lisa,Wintheiser,,,,,,,,,,,
Johan Zemlak,zemlakj@teamturtle319outlook.onmicrosoft.com,C#Javascript,No,Johan,Zemlak,,,,,,,,,,,
Herminio McCullough,mcculloughh@teamturtle319outlook.onmicrosoft.com,C#Javascript,No,Herminio,McCullough,,,,,,,,,,,
Shana Brakus,brakuss@teamturtle319outlook.onmicrosoft.com,C#Javascript,No,Shana,Brakus,,,,,,,,,,,
Marco Erdman,erdmanm@teamturtle319outlook.onmicrosoft.com,C#Javascript,No,Marco,Erdman,,,,,,,,,,,
Clarissa Weissnat,weissnatc@teamturtle319outlook.onmicrosoft.com,C#Javascript,No,Clarissa,Weissnat,,,,,,,,,,,
Noemy Pagac,pagacn@teamturtle319outlook.onmicrosoft.com,C#Javascript,No,Noemy,Pagac,,,,,,,,,,,
Juwan Cruickshank,cruickshankj@teamturtle319outlook.onmicrosoft.com,C#Javascript,No,Juwan,Cruickshank,,,,,,,,,,,
Lera Torphy,torphyl@teamturtle319outlook.onmicrosoft.com,C#Javascript,No,Lera,Torphy,,,,,,,,,,,
Ward Murazik,murazikw@teamturtle319outlook.onmicrosoft.com,C#Javascript,No,Ward,Murazik,,,,,,,,,,,
Anita Baumbach,baumbacha@teamturtle319outlook.onmicrosoft.com,C#Javascript,No,Anita,Baumbach,,,,,,,,,,,
Kasey Bogisich,bogisichk@teamturtle319outlook.onmicrosoft.com,C#Javascript,No,Kasey,Bogisich,,,,,,,,,,,
Uriah Wisoky,wisokyu@teamturtle319outlook.onmicrosoft.com,C#Javascript,No,Uriah,Wisoky,,,,,,,,,,,
Elisha Waelchi,waelchie@teamturtle319outlook.onmicrosoft.com,C#Javascript,No,Elisha,Waelchi,,,,,,,,,,,
Shawn Considine,considines@teamturtle319outlook.onmicrosoft.com,C#Javascript,No,Shawn,Considine,,,,,,,,,,,
Dina Christiansen,christiansend@teamturtle319outlook.onmicrosoft.com,C#Javascript,No,Dina,Christiansen,,,,,,,,,,,
Shakira Prohaska,prohaskas@teamturtle319outlook.onmicrosoft.com,C#Javascript,No,Shakira,Prohaska,,,,,,,,,,,
Hertha Larkin,larkinh@teamturtle319outlook.onmicrosoft.com,C#Javascript,No,Hertha,Larkin,,,,,,,,,,,
Edwin Funk,funke@teamturtle319outlook.onmicrosoft.com,C#Javascript,No,Edwin,Funk,,,,,,,,,,,
Kaylee Lowe,lowek@teamturtle319outlook.onmicrosoft.com,C#Javascript,No,Kaylee,Lowe,,,,,,,,,,,
Efrain Bins,binse@teamturtle319outlook.onmicrosoft.com,C#Javascript,No,Efrain,Bins,,,,,,,,,,,
Ollie Koelpin,koelpino@teamturtle319outlook.onmicrosoft.com,C#Javascript,No,Ollie,Koelpin,,,,,,,,,,,
Magnolia Kohler,kohlerm@teamturtle319outlook.onmicrosoft.com,C#Javascript,No,Magnolia,Kohler,,,,,,,,,,,
Merlin Dach,dachm@teamturtle319outlook.onmicrosoft.com,C#Javascript,No,Merlin,Dach,,,,,,,,,,,
Caitlyn Brown,brownc@teamturtle319outlook.onmicrosoft.com,C#Javascript,No,Caitlyn,Brown,,,,,,,,,,,
Alfredo Legros,legrosa@teamturtle319outlook.onmicrosoft.com,C#Javascript,No,Alfredo,Legros,,,,,,,,,,,
Tressie Beer,beert@teamturtle319outlook.onmicrosoft.com,C#Javascript,No,Tressie,Beer,,,,,,,,,,,
Leonardo Price,pricel@teamturtle319outlook.onmicrosoft.com,C#Javascript,No,Leonardo,Price,,,,,,,,,,,
Luna Flatley,flatleyl@teamturtle319outlook.onmicrosoft.com,C#Javascript,No,Luna,Flatley,,,,,,,,,,,
Wava Turcotte,turcottew@teamturtle319outlook.onmicrosoft.com,C#Javascript,No,Wava,Turcotte,,,,,,,,,,,
Cicero Stiedemann,stiedemannc@teamturtle319outlook.onmicrosoft.com,C#Javascript,No,Cicero,Stiedemann,,,,,,,,,,,
Edythe Johns,johnse@teamturtle319outlook.onmicrosoft.com,C#Javascript,No,Edythe,Johns,,,,,,,,,,,
Kelvin Becker,beckerk@teamturtle319outlook.onmicrosoft.com,C#Javascript,No,Kelvin,Becker,,,,,,,,,,,
Gennaro Smith,smithg@teamturtle319outlook.onmicrosoft.com,C#Javascript,No,Gennaro,Smith,,,,,,,,,,,
Odell Dooley,dooleyo@teamturtle319outlook.onmicrosoft.com,C#Javascript,No,Odell,Dooley,,,,,,,,,,,
Jeanette Williamson,williamsonj@teamturtle319outlook.onmicrosoft.com,C#Javascript,No,Jeanette,Williamson,,,,,,,,,,,
Tanya Morar,morart@teamturtle319outlook.onmicrosoft.com,C#Javascript,No,Tanya,Morar,,,,,,,,,,,
Kieran Schultz,schultzk@teamturtle319outlook.onmicrosoft.com,C#Javascript,No,Kieran,Schultz,,,,,,,,,,,
Floyd Bins,binsf@teamturtle319outlook.onmicrosoft.com,C#Javascript,No,Floyd,Bins,,,,,,,,,,,
Jack Kulas,kulasj@teamturtle319outlook.onmicrosoft.com,C#Javascript,No,Jack,Kulas,,,,,,,,,,,
Noelia Jacobs,jacobsn@teamturtle319outlook.onmicrosoft.com,C#Javascript,No,Noelia,Jacobs,,,,,,,,,,,
Dylan Dickinson,dickinsond@teamturtle319outlook.onmicrosoft.com,C#Javascript,No,Dylan,Dickinson,,,,,,,,,,,
Jefferey Wyman,wymanj@teamturtle319outlook.onmicrosoft.com,C#Javascript,No,Jefferey,Wyman,,,,,,,,,,,
Albertha Kunze,kunzea@teamturtle319outlook.onmicrosoft.com,C#Javascript,No,Albertha,Kunze,,,,,,,,,,,
Grayson Mueller,muellerg@teamturtle319outlook.onmicrosoft.com,C#Javascript,No,Grayson,Mueller,,,,,,,,,,,
Roslyn Friesen,friesenr@teamturtle319outlook.onmicrosoft.com,C#Javascript,No,Roslyn,Friesen,,,,,,,,,,,
Breanna Reinger,reingerb@teamturtle319outlook.onmicrosoft.com,C#Javascript,No,Breanna,Reinger,,,,,,,,,,,
Philip Robel,robelp@teamturtle319outlook.onmicrosoft.com,C#Javascript,No,Philip,Robel,,,,,,,,,,,
Hobart Emard,emardh@teamturtle319outlook.onmicrosoft.com,C#Javascript,No,Hobart,Emard,,,,,,,,,,,
Gaetano Jaskolski,jaskolskig@teamturtle319outlook.onmicrosoft.com,C#Javascript,No,Gaetano,Jaskolski,,,,,,,,,,,
Vivianne VonRueden,vonruedenv@teamturtle319outlook.onmicrosoft.com,C#Javascript,No,Vivianne,VonRueden,,,,,,,,,,,
Milford Kilback,kilbackm@teamturtle319outlook.onmicrosoft.com,C#Javascript,No,Milford,Kilback,,,,,,,,,,,
Kyleigh Haley,haleyk@teamturtle319outlook.onmicrosoft.com,C#Javascript,No,Kyleigh,Haley,,,,,,,,,,,
Elias Walter,waltere@teamturtle319outlook.onmicrosoft.com,C#Javascript,No,Elias,Walter,,,,,,,,,,,
Benjamin Gibson,gibsonb@teamturtle319outlook.onmicrosoft.com,C#Javascript,No,Benjamin,Gibson,,,,,,,,,,,
Oswaldo Padberg,padbergo@teamturtle319outlook.onmicrosoft.com,C#Javascript,No,Oswaldo,Padberg,,,,,,,,,,,
Kaden Collins,collinsk@teamturtle319outlook.onmicrosoft.com,C#Javascript,No,Kaden,Collins,,,,,,,,,,,
Cyrus Koelpin,koelpinc@teamturtle319outlook.onmicrosoft.com,C#Javascript,No,Cyrus,Koelpin,,,,,,,,,,,
Lafayette Farrell,farrelll@teamturtle319outlook.onmicrosoft.com,C#Javascript,No,Lafayette,Farrell,,,,,,,,,,,
Leda Funk,funkl@teamturtle319outlook.onmicrosoft.com,C#Javascript,No,Leda,Funk,,,,,,,,,,,
Jerod Hartmann,hartmannj@teamturtle319outlook.onmicrosoft.com,C#Javascript,No,Jerod,Hartmann,,,,,,,,,,,
Adolfo Glover,glovera@teamturtle319outlook.onmicrosoft.com,C#Javascript,No,Adolfo,Glover,,,,,,,,,,,
Bessie Veum,veumb@teamturtle319outlook.onmicrosoft.com,C#Javascript,No,Bessie,Veum,,,,,,,,,,,
Margie Connelly,connellym@teamturtle319outlook.onmicrosoft.com,C#Javascript,No,Margie,Connelly,,,,,,,,,,,
Mariela Okuneva,okunevam@teamturtle319outlook.onmicrosoft.com,C#Javascript,No,Mariela,Okuneva,,,,,,,,,,,
Buck Lueilwitz,lueilwitzb@teamturtle319outlook.onmicrosoft.com,C#Javascript,No,Buck,Lueilwitz,,,,,,,,,,,
Herbert Watsica,watsicah@teamturtle319outlook.onmicrosoft.com,C#Javascript,No,Herbert,Watsica,,,,,,,,,,,
Declan Mraz,mrazd@teamturtle319outlook.onmicrosoft.com,C#Javascript,No,Declan,Mraz,,,,,,,,,,,
Lila Klocko,klockol@teamturtle319outlook.onmicrosoft.com,C#Javascript,No,Lila,Klocko,,,,,,,,,,,
Era Abshire,abshiree@teamturtle319outlook.onmicrosoft.com,C#Javascript,No,Era,Abshire,,,,,,,,,,,
Javier Klein,kleinj@teamturtle319outlook.onmicrosoft.com,C#Javascript,No,Javier,Klein,,,,,,,,,,,
Bulah Mueller,muellerb@teamturtle319outlook.onmicrosoft.com,C#Javascript,No,Bulah,Mueller,,,,,,,,,,,
Audreanne Fisher,fishera@teamturtle319outlook.onmicrosoft.com,C#Javascript,No,Audreanne,Fisher,,,,,,,,,,,
Betsy Rosenbaum,rosenbaumb@teamturtle319outlook.onmicrosoft.com,C#Javascript,No,Betsy,Rosenbaum,,,,,,,,,,,
Chaim Ebert,ebertc@teamturtle319outlook.onmicrosoft.com,C#Javascript,No,Chaim,Ebert,,,,,,,,,,,
Cydney Eichmann,eichmannc@teamturtle319outlook.onmicrosoft.com,C#Javascript,No,Cydney,Eichmann,,,,,,,,,,,
Ronaldo Medhurst,medhurstr@teamturtle319outlook.onmicrosoft.com,C#Javascript,No,Ronaldo,Medhurst,,,,,,,,,,,
Stevie Rath,raths@teamturtle319outlook.onmicrosoft.com,C#Javascript,No,Stevie,Rath,,,,,,,,,,,
Domenica Hahn,hahnd@teamturtle319outlook.onmicrosoft.com,C#Javascript,No,Domenica,Hahn,,,,,,,,,,,
Tianna Jerde,jerdet@teamturtle319outlook.onmicrosoft.com,C#Javascript,No,Tianna,Jerde,,,,,,,,,,,
Walker Connelly,connellyw@teamturtle319outlook.onmicrosoft.com,C#Javascript,No,Walker,Connelly,,,,,,,,,,,
Brooke Jacobi,jacobib@teamturtle319outlook.onmicrosoft.com,C#Javascript,No,Brooke,Jacobi,,,,,,,,,,,
Libby Larkin,larkinl@teamturtle319outlook.onmicrosoft.com,C#Javascript,No,Libby,Larkin,,,,,,,,,,,
Fernando OConnell,oconnellf@teamturtle319outlook.onmicrosoft.com,C#Javascript,No,Fernando,OConnell,,,,,,,,,,,
Audrey Runolfsson,runolfssona@teamturtle319outlook.onmicrosoft.com,C#Javascript,No,Audrey,Runolfsson,,,,,,,,,,,
Ola Hodkiewicz,hodkiewiczo@teamturtle319outlook.onmicrosoft.com,C#Javascript,No,Ola,Hodkiewicz,,,,,,,,,,,
Mitchell Conn,connm@teamturtle319outlook.onmicrosoft.com,C#Javascript,No,Mitchell,Conn,,,,,,,,,,,
Imogene West,westi@teamturtle319outlook.onmicrosoft.com,C#Javascript,No,Imogene,West,,,,,,,,,,,
Darrick Howe,howed@teamturtle319outlook.onmicrosoft.com,C#Javascript,No,Darrick,Howe,,,,,,,,,,,
Laurel Harber,harberl@teamturtle319outlook.onmicrosoft.com,C#Javascript,No,Laurel,Harber,,,,,,,,,,,
Virginia Jacobi,jacobiv@teamturtle319outlook.onmicrosoft.com,C#Javascript,No,Virginia,Jacobi,,,,,,,,,,,
Gabriella Wuckert,wuckertg@teamturtle319outlook.onmicrosoft.com,C#Javascript,No,Gabriella,Wuckert,,,,,,,,,,,
Angeline Labadie,labadiea@teamturtle319outlook.onmicrosoft.com,C#Javascript,No,Angeline,Labadie,,,,,,,,,,,
Jayde Carroll,carrollj@teamturtle319outlook.onmicrosoft.com,C#Javascript,No,Jayde,Carroll,,,,,,,,,,,
Rylee Von,vonr@teamturtle319outlook.onmicrosoft.com,C#Javascript,No,Rylee,Von,,,,,,,,,,,
Maymie Lind,lindm@teamturtle319outlook.onmicrosoft.com,C#Javascript,No,Maymie,Lind,,,,,,,,,,,
Damaris Hilll,hillld@teamturtle319outlook.onmicrosoft.com,C#Javascript,No,Damaris,Hilll,,,,,,,,,,,
Lenny Mante,mantel@teamturtle319outlook.onmicrosoft.com,C#Javascript,No,Lenny,Mante,,,,,,,,,,,
Isai Berge,bergei@teamturtle319outlook.onmicrosoft.com,C#Javascript,No,Isai,Berge,,,,,,,,,,,
Jewell Okuneva,okunevaj@teamturtle319outlook.onmicrosoft.com,C#Javascript,No,Jewell,Okuneva,,,,,,,,,,,
Aurore Schuster,schustera@teamturtle319outlook.onmicrosoft.com,C#Javascript,No,Aurore,Schuster,,,,,,,,,,,
Nia OConner,oconnern@teamturtle319outlook.onmicrosoft.com,C#Javascript,No,Nia,OConner,,,,,,,,,,,
Newell Heller,hellern@teamturtle319outlook.onmicrosoft.com,C#Javascript,No,Newell,Heller,,,,,,,,,,,
Murphy Price,pricem@teamturtle319outlook.onmicrosoft.com,C#Javascript,No,Murphy,Price,,,,,,,,,,,
Noble Walter,waltern@teamturtle319outlook.onmicrosoft.com,C#Javascript,No,Noble,Walter,,,,,,,,,,,
Amos Harber,harbera@teamturtle319outlook.onmicrosoft.com,C#Javascript,No,Amos,Harber,,,,,,,,,,,
Filiberto Lubowitz,lubowitzf@teamturtle319outlook.onmicrosoft.com,C#Javascript,No,Filiberto,Lubowitz,,,,,,,,,,,
Carolina Torp,torpc@teamturtle319outlook.onmicrosoft.com,C#Javascript,No,Carolina,Torp,,,,,,,,,,,
Johnny DAmore,damorej@teamturtle319outlook.onmicrosoft.com,C#Javascript,No,Johnny,DAmore,,,,,,,,,,,
Christine Lang,langc@teamturtle319outlook.onmicrosoft.com,C#Javascript,No,Christine,Lang,,,,,,,,,,,
Juanita Littel,littelj@teamturtle319outlook.onmicrosoft.com,C#Javascript,No,Juanita,Littel,,,,,,,,,,,
Deven Pollich,pollichd@teamturtle319outlook.onmicrosoft.com,C#Javascript,No,Deven,Pollich,,,,,,,,,,,
Lily Hermann,hermannl@teamturtle319outlook.onmicrosoft.com,C#Javascript,No,Lily,Hermann,,,,,,,,,,,
Troy Dickinson,dickinsont@teamturtle319outlook.onmicrosoft.com,C#Javascript,No,Troy,Dickinson,,,,,,,,,,,
Columbus Kassulke,kassulkec@teamturtle319outlook.onmicrosoft.com,C#Javascript,No,Columbus,Kassulke,,,,,,,,,,,
Myron Mayer,mayerm@teamturtle319outlook.onmicrosoft.com,C#Javascript,No,Myron,Mayer,,,,,,,,,,,
Marian Ziemann,ziemannm@teamturtle319outlook.onmicrosoft.com,C#Javascript,No,Marian,Ziemann,,,,,,,,,,,
Ole Hammes,hammeso@teamturtle319outlook.onmicrosoft.com,C#Javascript,No,Ole,Hammes,,,,,,,,,,,
Eliane Welch,welche@teamturtle319outlook.onmicrosoft.com,C#Javascript,No,Eliane,Welch,,,,,,,,,,,
Anais Tillman,tillmana@teamturtle319outlook.onmicrosoft.com,C#Javascript,No,Anais,Tillman,,,,,,,,,,,
Jenifer Yundt,yundtj@teamturtle319outlook.onmicrosoft.com,C#Javascript,No,Jenifer,Yundt,,,,,,,,,,,
Johnathan Wehner,wehnerj@teamturtle319outlook.onmicrosoft.com,C#Javascript,No,Johnathan,Wehner,,,,,,,,,,,
Hilda Schamberger,schambergerh@teamturtle319outlook.onmicrosoft.com,C#Javascript,No,Hilda,Schamberger,,,,,,,,,,,
Aric Bins,binsa@teamturtle319outlook.onmicrosoft.com,C#Javascript,No,Aric,Bins,,,,,,,,,,,
Shayna Schmitt,schmitts@teamturtle319outlook.onmicrosoft.com,C#Javascript,No,Shayna,Schmitt,,,,,,,,,,,
Douglas Schmidt,schmidtd@teamturtle319outlook.onmicrosoft.com,C#Javascript,No,Douglas,Schmidt,,,,,,,,,,,
Sean Thompson,thompsons@teamturtle319outlook.onmicrosoft.com,C#Javascript,No,Sean,Thompson,,,,,,,,,,,
Shany Ziemann,ziemanns@teamturtle319outlook.onmicrosoft.com,C#Javascript,No,Shany,Ziemann,,,,,,,,,,,
Lamont Zulauf,zulaufl@teamturtle319outlook.onmicrosoft.com,C#Javascript,No,Lamont,Zulauf,,,,,,,,,,,
Boyd Macejkovic,macejkovicb@teamturtle319outlook.onmicrosoft.com,C#Javascript,No,Boyd,Macejkovic,,,,,,,,,,,
Brant Feeney,feeneyb@teamturtle319outlook.onmicrosoft.com,C#Javascript,No,Brant,Feeney,,,,,,,,,,,
Nat Anderson,andersonn@teamturtle319outlook.onmicrosoft.com,C#Javascript,No,Nat,Anderson,,,,,,,,,,,
Turner Senger,sengert@teamturtle319outlook.onmicrosoft.com,C#Javascript,No,Turner,Senger,,,,,,,,,,,
Maiya Bartell,bartellm@teamturtle319outlook.onmicrosoft.com,C#Javascript,No,Maiya,Bartell,,,,,,,,,,,
Harrison Ziemann,ziemannh@teamturtle319outlook.onmicrosoft.com,C#Javascript,No,Harrison,Ziemann,,,,,,,,,,,
Shanel Marvin,marvins@teamturtle319outlook.onmicrosoft.com,C#Javascript,No,Shanel,Marvin,,,,,,,,,,,
Elmo Pollich,polliche@teamturtle319outlook.onmicrosoft.com,C#Javascript,No,Elmo,Pollich,,,,,,,,,,,
Paolo Mills,millsp@teamturtle319outlook.onmicrosoft.com,C#Javascript,No,Paolo,Mills,,,,,,,,,,,
Kristopher McKenzie,mckenziek@teamturtle319outlook.onmicrosoft.com,C#Javascript,No,Kristopher,McKenzie,,,,,,,,,,,
Herminio Kuphal,kuphalh@teamturtle319outlook.onmicrosoft.com,C#Javascript,No,Herminio,Kuphal,,,,,,,,,,,
Taylor Hudson,hudsont@teamturtle319outlook.onmicrosoft.com,C#Javascript,No,Taylor,Hudson,,,,,,,,,,,
Adela Feil,feila@teamturtle319outlook.onmicrosoft.com,C#Javascript,No,Adela,Feil,,,,,,,,,,,
Alfreda Batz,batza@teamturtle319outlook.onmicrosoft.com,C#Javascript,No,Alfreda,Batz,,,,,,,,,,,
Eulah Goodwin,goodwine@teamturtle319outlook.onmicrosoft.com,C#Javascript,No,Eulah,Goodwin,,,,,,,,,,,
Antwan Wyman,wymana@teamturtle319outlook.onmicrosoft.com,C#Javascript,No,Antwan,Wyman,,,,,,,,,,,
Jorge Mann,mannj@teamturtle319outlook.onmicrosoft.com,C#Javascript,No,Jorge,Mann,,,,,,,,,,,
Felix Hilll,hilllf@teamturtle319outlook.onmicrosoft.com,C#Javascript,No,Felix,Hilll,,,,,,,,,,,
Woodrow Reinger,reingerw@teamturtle319outlook.onmicrosoft.com,C#Javascript,No,Woodrow,Reinger,,,,,,,,,,,
Estelle Carroll,carrolle@teamturtle319outlook.onmicrosoft.com,C#Javascript,No,Estelle,Carroll,,,,,,,,,,,
Isac Jaskolski,jaskolskii@teamturtle319outlook.onmicrosoft.com,C#Javascript,No,Isac,Jaskolski,,,,,,,,,,,
Walton Willms,willmsw@teamturtle319outlook.onmicrosoft.com,C#Javascript,No,Walton,Willms,,,,,,,,,,,
Jeffry Swaniawski,swaniawskij@teamturtle319outlook.onmicrosoft.com,C#Javascript,No,Jeffry,Swaniawski,,,,,,,,,,,
Yadira Gutmann,gutmanny@teamturtle319outlook.onmicrosoft.com,C#Javascript,No,Yadira,Gutmann,,,,,,,,,,,
Corene Fay,fayc@teamturtle319outlook.onmicrosoft.com,C#Javascript,No,Corene,Fay,,,,,,,,,,,
Tavares Hackett,hackettt@teamturtle319outlook.onmicrosoft.com,C#Javascript,No,Tavares,Hackett,,,,,,,,,,,
Jalon Koepp,koeppj@teamturtle319outlook.onmicrosoft.com,C#Javascript,No,Jalon,Koepp,,,,,,,,,,,
Blanche Robel,robelb@teamturtle319outlook.onmicrosoft.com,C#Javascript,No,Blanche,Robel,,,,,,,,,,,
Jovany Blanda,blandaj@teamturtle319outlook.onmicrosoft.com,C#Javascript,No,Jovany,Blanda,,,,,,,,,,,
Julianne Cassin,cassinj@teamturtle319outlook.onmicrosoft.com,C#Javascript,No,Julianne,Cassin,,,,,,,,,,,
Neoma Johnston,johnstonn@teamturtle319outlook.onmicrosoft.com,C#Javascript,No,Neoma,Johnston,,,,,,,,,,,
Shyann Heaney,heaneys@teamturtle319outlook.onmicrosoft.com,C#Javascript,No,Shyann,Heaney,,,,,,,,,,,
Zachariah Spencer,spencerz@teamturtle319outlook.onmicrosoft.com,C#Javascript,No,Zachariah,Spencer,,,,,,,,,,,
Hillary Gulgowski,gulgowskih@teamturtle319outlook.onmicrosoft.com,C#Javascript,No,Hillary,Gulgowski,,,,,,,,,,,
Javonte Veum,veumj@teamturtle319outlook.onmicrosoft.com,C#Javascript,No,Javonte,Veum,,,,,,,,,,,
Celestino Reynolds,reynoldsc@teamturtle319outlook.onmicrosoft.com,C#Javascript,No,Celestino,Reynolds,,,,,,,,,,,
Jaren Altenwerth,altenwerthj@teamturtle319outlook.onmicrosoft.com,C#Javascript,No,Jaren,Altenwerth,,,,,,,,,,,
Hanna Marvin,marvinh@teamturtle319outlook.onmicrosoft.com,C#Javascript,No,Hanna,Marvin,,,,,,,,,,,
Nils Franecki,franeckin@teamturtle319outlook.onmicrosoft.com,C#Javascript,No,Nils,Franecki,,,,,,,,,,,
Liza Ledner,lednerl@teamturtle319outlook.onmicrosoft.com,C#Javascript,No,Liza,Ledner,,,,,,,,,,,
Vladimir Marquardt,marquardtv@teamturtle319outlook.onmicrosoft.com,C#Javascript,No,Vladimir,Marquardt,,,,,,,,,,,
Assunta Connelly,connellya@teamturtle319outlook.onmicrosoft.com,C#Javascript,No,Assunta,Connelly,,,,,,,,,,,
Eladio Ondricka,ondrickae@teamturtle319outlook.onmicrosoft.com,C#Javascript,No,Eladio,Ondricka,,,,,,,,,,,
Alysson Von,vona@teamturtle319outlook.onmicrosoft.com,C#Javascript,No,Alysson,Von,,,,,,,,,,,
Zachariah Krajcik,krajcikz@teamturtle319outlook.onmicrosoft.com,C#Javascript,No,Zachariah,Krajcik,,,,,,,,,,,
Elias Swaniawski,swaniawskie@teamturtle319outlook.onmicrosoft.com,C#Javascript,No,Elias,Swaniawski,,,,,,,,,,,
Julius Leuschke,leuschkej@teamturtle319outlook.onmicrosoft.com,C#Javascript,No,Julius,Leuschke,,,,,,,,,,,
Donato Spinka,spinkad@teamturtle319outlook.onmicrosoft.com,C#Javascript,No,Donato,Spinka,,,,,,,,,,,
Clemmie Kirlin,kirlinc@teamturtle319outlook.onmicrosoft.com,C#Javascript,No,Clemmie,Kirlin,,,,,,,,,,,
Delia Weber,weberd@teamturtle319outlook.onmicrosoft.com,C#Javascript,No,Delia,Weber,,,,,,,,,,,
Trystan Batz,batzt@teamturtle319outlook.onmicrosoft.com,C#Javascript,No,Trystan,Batz,,,,,,,,,,,
Noemy Muller,mullern@teamturtle319outlook.onmicrosoft.com,C#Javascript,No,Noemy,Muller,,,,,,,,,,,
Pascale Lakin,lakinp@teamturtle319outlook.onmicrosoft.com,C#Javascript,No,Pascale,Lakin,,,,,,,,,,,
Carroll Hammes,hammesc@teamturtle319outlook.onmicrosoft.com,C#Javascript,No,Carroll,Hammes,,,,,,,,,,,
Mary Nikolaus,nikolausm@teamturtle319outlook.onmicrosoft.com,C#Javascript,No,Mary,Nikolaus,,,,,,,,,,,
Rae Dibbert,dibbertr@teamturtle319outlook.onmicrosoft.com,C#Javascript,No,Rae,Dibbert,,,,,,,,,,,
Elmore VonRueden,vonruedene@teamturtle319outlook.onmicrosoft.com,C#Javascript,No,Elmore,VonRueden,,,,,,,,,,,
Deven Cartwright,cartwrightd@teamturtle319outlook.onmicrosoft.com,C#Javascript,No,Deven,Cartwright,,,,,,,,,,,
Van Rosenbaum,rosenbaumv@teamturtle319outlook.onmicrosoft.com,C#Javascript,No,Van,Rosenbaum,,,,,,,,,,,
Amber Parker,parkera@teamturtle319outlook.onmicrosoft.com,C#Javascript,No,Amber,Parker,,,,,,,,,,,
Imogene Runte,runtei@teamturtle319outlook.onmicrosoft.com,C#Javascript,No,Imogene,Runte,,,,,,,,,,,
Alvis Bechtelar,bechtelara@teamturtle319outlook.onmicrosoft.com,C#Javascript,No,Alvis,Bechtelar,,,,,,,,,,,
Lavinia Walker,walkerl@teamturtle319outlook.onmicrosoft.com,C#Javascript,No,Lavinia,Walker,,,,,,,,,,,
Isom Wolff,wolffi@teamturtle319outlook.onmicrosoft.com,C#Javascript,No,Isom,Wolff,,,,,,,,,,,
Rolando Durgan,durganr@teamturtle319outlook.onmicrosoft.com,C#Javascript,No,Rolando,Durgan,,,,,,,,,,,
Adelbert Witting,wittinga@teamturtle319outlook.onmicrosoft.com,C#Javascript,No,Adelbert,Witting,,,,,,,,,,,
Celestino Smitham,smithamc@teamturtle319outlook.onmicrosoft.com,C#Javascript,No,Celestino,Smitham,,,,,,,,,,,
Kameron Grimes,grimesk@teamturtle319outlook.onmicrosoft.com,C#Javascript,No,Kameron,Grimes,,,,,,,,,,,
Lavon Romaguera,romagueral@teamturtle319outlook.onmicrosoft.com,C#Javascript,No,Lavon,Romaguera,,,,,,,,,,,
Rosalyn Rodriguez,rodriguezr@teamturtle319outlook.onmicrosoft.com,C#Javascript,No,Rosalyn,Rodriguez,,,,,,,,,,,
Stanley Spinka,spinkas@teamturtle319outlook.onmicrosoft.com,C#Javascript,No,Stanley,Spinka,,,,,,,,,,,
Jamir Dooley,dooleyj@teamturtle319outlook.onmicrosoft.com,C#Javascript,No,Jamir,Dooley,,,,,,,,,,,
Rebeka Marvin,marvinr@teamturtle319outlook.onmicrosoft.com,C#Javascript,No,Rebeka,Marvin,,,,,,,,,,,
Janice Weissnat,weissnatj@teamturtle319outlook.onmicrosoft.com,C#Javascript,No,Janice,Weissnat,,,,,,,,,,,
Gerhard Rosenbaum,rosenbaumg@teamturtle319outlook.onmicrosoft.com,C#Javascript,No,Gerhard,Rosenbaum,,,,,,,,,,,
Abigale Dickinson,dickinsona@teamturtle319outlook.onmicrosoft.com,C#Javascript,No,Abigale,Dickinson,,,,,,,,,,,
Kurtis OReilly,oreillyk@teamturtle319outlook.onmicrosoft.com,C#Javascript,No,Kurtis,OReilly,,,,,,,,,,,
Cristal Halvorson,halvorsonc@teamturtle319outlook.onmicrosoft.com,C#Javascript,No,Cristal,Halvorson,,,,,,,,,,,
Albin Morar,morara@teamturtle319outlook.onmicrosoft.com,C#Javascript,No,Albin,Morar,,,,,,,,,,,
Armani Daugherty,daughertya@teamturtle319outlook.onmicrosoft.com,C#Javascript,No,Armani,Daugherty,,,,,,,,,,,
Petra Lubowitz,lubowitzp@teamturtle319outlook.onmicrosoft.com,C#Javascript,No,Petra,Lubowitz,,,,,,,,,,,
Lizzie Fisher,fisherl@teamturtle319outlook.onmicrosoft.com,C#Javascript,No,Lizzie,Fisher,,,,,,,,,,,
Johnathon Miller,millerj@teamturtle319outlook.onmicrosoft.com,C#Javascript,No,Johnathon,Miller,,,,,,,,,,,
Barry Gottlieb,gottliebb@teamturtle319outlook.onmicrosoft.com,C#Javascript,No,Barry,Gottlieb,,,,,,,,,,,
Hyman Goyette,goyetteh@teamturtle319outlook.onmicrosoft.com,C#Javascript,No,Hyman,Goyette,,,,,,,,,,,
Lucius Kuvalis,kuvalisl@teamturtle319outlook.onmicrosoft.com,C#Javascript,No,Lucius,Kuvalis,,,,,,,,,,,
Vida Littel,littelv@teamturtle319outlook.onmicrosoft.com,C#Javascript,No,Vida,Littel,,,,,,,,,,,
Eva Ortiz,ortize@teamturtle319outlook.onmicrosoft.com,C#Javascript,No,Eva,Ortiz,,,,,,,,,,,
Oral Dietrich,dietricho@teamturtle319outlook.onmicrosoft.com,C#Javascript,No,Oral,Dietrich,,,,,,,,,,,
Aimee Harvey,harveya@teamturtle319outlook.onmicrosoft.com,C#Javascript,No,Aimee,Harvey,,,,,,,,,,,
Amely Schimmel,schimmela@teamturtle319outlook.onmicrosoft.com,C#Javascript,No,Amely,Schimmel,,,,,,,,,,,
Caterina Herman,hermanc@teamturtle319outlook.onmicrosoft.com,C#Javascript,No,Caterina,Herman,,,,,,,,,,,
Zack Schoen,schoenz@teamturtle319outlook.onmicrosoft.com,C#Javascript,No,Zack,Schoen,,,,,,,,,,,
Cory Gorczany,gorczanyc@teamturtle319outlook.onmicrosoft.com,C#Javascript,No,Cory,Gorczany,,,,,,,,,,,
Ricky Abernathy,abernathyr@teamturtle319outlook.onmicrosoft.com,C#Javascript,No,Ricky,Abernathy,,,,,,,,,,,
Raphaelle Nicolas,nicolasr@teamturtle319outlook.onmicrosoft.com,C#Javascript,No,Raphaelle,Nicolas,,,,,,,,,,,
Viola Weimann,weimannv@teamturtle319outlook.onmicrosoft.com,C#Javascript,No,Viola,Weimann,,,,,,,,,,,
Olaf Cremin,cremino@teamturtle319outlook.onmicrosoft.com,C#Javascript,No,Olaf,Cremin,,,,,,,,,,,
Danielle Hermann,hermannd@teamturtle319outlook.onmicrosoft.com,C#Javascript,No,Danielle,Hermann,,,,,,,,,,,
Rickey Connelly,connellyr@teamturtle319outlook.onmicrosoft.com,C#Javascript,No,Rickey,Connelly,,,,,,,,,,,
Emilio Cartwright,cartwrighte@teamturtle319outlook.onmicrosoft.com,C#Javascript,No,Emilio,Cartwright,,,,,,,,,,,
Junior Waelchi,waelchij@teamturtle319outlook.onmicrosoft.com,C#Javascript,No,Junior,Waelchi,,,,,,,,,,,
Noemi Rosenbaum,rosenbaumn@teamturtle319outlook.onmicrosoft.com,C#Javascript,No,Noemi,Rosenbaum,,,,,,,,,,,
Luna Hamill,hamilll@teamturtle319outlook.onmicrosoft.com,C#Javascript,No,Luna,Hamill,,,,,,,,,,,
Zachery Lehner,lehnerz@teamturtle319outlook.onmicrosoft.com,C#Javascript,No,Zachery,Lehner,,,,,,,,,,,
Cordell Huel,huelc@teamturtle319outlook.onmicrosoft.com,C#Javascript,No,Cordell,Huel,,,,,,,,,,,
Isom Senger,sengeri@teamturtle319outlook.onmicrosoft.com,C#Javascript,No,Isom,Senger,,,,,,,,,,,
Garrett Howe,howeg@teamturtle319outlook.onmicrosoft.com,C#Javascript,No,Garrett,Howe,,,,,,,,,,,
Domingo Rogahn,rogahnd@teamturtle319outlook.onmicrosoft.com,C#Javascript,No,Domingo,Rogahn,,,,,,,,,,,
Jermain Bins,binsj@teamturtle319outlook.onmicrosoft.com,C#Javascript,No,Jermain,Bins,,,,,,,,,,,
Leila Yundt,yundtl@teamturtle319outlook.onmicrosoft.com,C#Javascript,No,Leila,Yundt,,,,,,,,,,,
Joana Zieme,ziemej@teamturtle319outlook.onmicrosoft.com,C#Javascript,No,Joana,Zieme,,,,,,,,,,,
Haley Schmeler,schmelerh@teamturtle319outlook.onmicrosoft.com,C#Javascript,No,Haley,Schmeler,,,,,,,,,,,
Brooke Carroll,carrollb@teamturtle319outlook.onmicrosoft.com,C#Javascript,No,Brooke,Carroll,,,,,,,,,,,
Tracy Kris,krist@teamturtle319outlook.onmicrosoft.com,C#Javascript,No,Tracy,Kris,,,,,,,,,,,
Cyril Hettinger,hettingerc@teamturtle319outlook.onmicrosoft.com,C#Javascript,No,Cyril,Hettinger,,,,,,,,,,,
Lurline Harvey,harveyl@teamturtle319outlook.onmicrosoft.com,C#Javascript,No,Lurline,Harvey,,,,,,,,,,,
Viviane Pagac,pagacv@teamturtle319outlook.onmicrosoft.com,C#Javascript,No,Viviane,Pagac,,,,,,,,,,,
Margarita Cummerata,cummeratam@teamturtle319outlook.onmicrosoft.com,C#Javascript,No,Margarita,Cummerata,,,,,,,,,,,
Virginia Stoltenberg,stoltenbergv@teamturtle319outlook.onmicrosoft.com,C#Javascript,No,Virginia,Stoltenberg,,,,,,,,,,,
Dixie Pfeffer,pfefferd@teamturtle319outlook.onmicrosoft.com,C#Javascript,No,Dixie,Pfeffer,,,,,,,,,,,
Cara Runte,runtec@teamturtle319outlook.onmicrosoft.com,C#Javascript,No,Cara,Runte,,,,,,,,,,,
Eleonore Satterfield,satterfielde@teamturtle319outlook.onmicrosoft.com,C#Javascript,No,Eleonore,Satterfield,,,,,,,,,,,
Emanuel Fadel,fadele@teamturtle319outlook.onmicrosoft.com,C#Javascript,No,Emanuel,Fadel,,,,,,,,,,,
Celestine Gerhold,gerholdc@teamturtle319outlook.onmicrosoft.com,C#Javascript,No,Celestine,Gerhold,,,,,,,,,,,
Chelsea Cole,colec@teamturtle319outlook.onmicrosoft.com,C#Javascript,No,Chelsea,Cole,,,,,,,,,,,
Matilda Altenwerth,altenwerthm@teamturtle319outlook.onmicrosoft.com,C#Javascript,No,Matilda,Altenwerth,,,,,,,,,,,
Demarco Baumbach,baumbachd@teamturtle319outlook.onmicrosoft.com,C#Javascript,No,Demarco,Baumbach,,,,,,,,,,,
Golden Orn,orng@teamturtle319outlook.onmicrosoft.com,C#Javascript,No,Golden,Orn,,,,,,,,,,,
Rosemarie Hickle,hickler@teamturtle319outlook.onmicrosoft.com,C#Javascript,No,Rosemarie,Hickle,,,,,,,,,,,
Nella Hilpert,hilpertn@teamturtle319outlook.onmicrosoft.com,C#Javascript,No,Nella,Hilpert,,,,,,,,,,,
Kariane Goodwin,goodwink@teamturtle319outlook.onmicrosoft.com,C#Javascript,No,Kariane,Goodwin,,,,,,,,,,,
Alva Kihn,kihna@teamturtle319outlook.onmicrosoft.com,C#Javascript,No,Alva,Kihn,,,,,,,,,,,
Britney Hegmann,hegmannb@teamturtle319outlook.onmicrosoft.com,C#Javascript,No,Britney,Hegmann,,,,,,,,,,,
Carole Schuster,schusterc@teamturtle319outlook.onmicrosoft.com,C#Javascript,No,Carole,Schuster,,,,,,,,,,,
Paul Nienow,nienowp@teamturtle319outlook.onmicrosoft.com,C#Javascript,No,Paul,Nienow,,,,,,,,,,,
Kadin Lang,langk@teamturtle319outlook.onmicrosoft.com,C#Javascript,No,Kadin,Lang,,,,,,,,,,,
Cristian Hegmann,hegmannc@teamturtle319outlook.onmicrosoft.com,C#Javascript,No,Cristian,Hegmann,,,,,,,,,,,
Cynthia Will,willc@teamturtle319outlook.onmicrosoft.com,C#Javascript,No,Cynthia,Will,,,,,,,,,,,
Verla OConnell,oconnellv@teamturtle319outlook.onmicrosoft.com,C#Javascript,No,Verla,OConnell,,,,,,,,,,,
Clinton Kovacek,kovacekc@teamturtle319outlook.onmicrosoft.com,C#Javascript,No,Clinton,Kovacek,,,,,,,,,,,
Francis Adams,adamsf@teamturtle319outlook.onmicrosoft.com,C#Javascript,No,Francis,Adams,,,,,,,,,,,
Elissa Anderson,andersone@teamturtle319outlook.onmicrosoft.com,C#Javascript,No,Elissa,Anderson,,,,,,,,,,,
Solon Ebert,eberts@teamturtle319outlook.onmicrosoft.com,C#Javascript,No,Solon,Ebert,,,,,,,,,,,
Jesse Shields,shieldsj@teamturtle319outlook.onmicrosoft.com,C#Javascript,No,Jesse,Shields,,,,,,,,,,,
Deon Crona,cronad@teamturtle319outlook.onmicrosoft.com,C#Javascript,No,Deon,Crona,,,,,,,,,,,
Sibyl Strosin,strosins@teamturtle319outlook.onmicrosoft.com,C#Javascript,No,Sibyl,Strosin,,,,,,,,,,,
Tate Eichmann,eichmannt@teamturtle319outlook.onmicrosoft.com,C#Javascript,No,Tate,Eichmann,,,,,,,,,,,
Eunice Stanton,stantone@teamturtle319outlook.onmicrosoft.com,C#Javascript,No,Eunice,Stanton,,,,,,,,,,,
Agustina Grant,granta@teamturtle319outlook.onmicrosoft.com,C#Javascript,No,Agustina,Grant,,,,,,,,,,,
Mandy Kshlerin,kshlerinm@teamturtle319outlook.onmicrosoft.com,C#Javascript,No,Mandy,Kshlerin,,,,,,,,,,,
Laurie Strosin,strosinl@teamturtle319outlook.onmicrosoft.com,C#Javascript,No,Laurie,Strosin,,,,,,,,,,,
Zita Willms,willmsz@teamturtle319outlook.onmicrosoft.com,C#Javascript,No,Zita,Willms,,,,,,,,,,,
Florencio Rath,rathf@teamturtle319outlook.onmicrosoft.com,C#Javascript,No,Florencio,Rath,,,,,,,,,,,
Eleonore Nienow,nienowe@teamturtle319outlook.onmicrosoft.com,C#Javascript,No,Eleonore,Nienow,,,,,,,,,,,
Rhiannon Bayer,bayerr@teamturtle319outlook.onmicrosoft.com,C#Javascript,No,Rhiannon,Bayer,,,,,,,,,,,
Shawn Botsford,botsfords@teamturtle319outlook.onmicrosoft.com,C#Javascript,No,Shawn,Botsford,,,,,,,,,,,
Carlos Goodwin,goodwinc@teamturtle319outlook.onmicrosoft.com,C#Javascript,No,Carlos,Goodwin,,,,,,,,,,,
Wayne Streich,streichw@teamturtle319outlook.onmicrosoft.com,C#Javascript,No,Wayne,Streich,,,,,,,,,,,
Rico Will,willr@teamturtle319outlook.onmicrosoft.com,C#Javascript,No,Rico,Will,,,,,,,,,,,
Kristian Hahn,hahnk@teamturtle319outlook.onmicrosoft.com,C#Javascript,No,Kristian,Hahn,,,,,,,,,,,
Shawna Stark,starks@teamturtle319outlook.onmicrosoft.com,C#Javascript,No,Shawna,Stark,,,,,,,,,,,
Erna Hansen,hansene@teamturtle319outlook.onmicrosoft.com,C#Javascript,No,Erna,Hansen,,,,,,,,,,,
Zaria Pfeffer,pfefferz@teamturtle319outlook.onmicrosoft.com,C#Javascript,No,Zaria,Pfeffer,,,,,,,,,,,
Santa Beahan,beahans@teamturtle319outlook.onmicrosoft.com,C#Javascript,No,Santa,Beahan,,,,,,,,,,,
Dangelo Satterfield,satterfieldd@teamturtle319outlook.onmicrosoft.com,C#Javascript,No,Dangelo,Satterfield,,,,,,,,,,,
Arnaldo Schultz,schultza@teamturtle319outlook.onmicrosoft.com,C#Javascript,No,Arnaldo,Schultz,,,,,,,,,,,
Janae Buckridge,buckridgej@teamturtle319outlook.onmicrosoft.com,C#Javascript,No,Janae,Buckridge,,,,,,,,,,,
Lenna Smith,smithl@teamturtle319outlook.onmicrosoft.com,C#Javascript,No,Lenna,Smith,,,,,,,,,,,
Elody Fisher,fishere@teamturtle319outlook.onmicrosoft.com,C#Javascript,No,Elody,Fisher,,,,,,,,,,,
Chad Kulas,kulasc@teamturtle319outlook.onmicrosoft.com,C#Javascript,No,Chad,Kulas,,,,,,,,,,,
Hulda Tillman,tillmanh@teamturtle319outlook.onmicrosoft.com,C#Javascript,No,Hulda,Tillman,,,,,,,,,,,
Jazmyn Wintheiser,wintheiserj@teamturtle319outlook.onmicrosoft.com,C#Javascript,No,Jazmyn,Wintheiser,,,,,,,,,,,
Michale Barton,bartonm@teamturtle319outlook.onmicrosoft.com,C#Javascript,No,Michale,Barton,,,,,,,,,,,
Tanya Bradtke,bradtket@teamturtle319outlook.onmicrosoft.com,C#Javascript,No,Tanya,Bradtke,,,,,,,,,,,
Monique Ruecker,rueckerm@teamturtle319outlook.onmicrosoft.com,C#Javascript,No,Monique,Ruecker,,,,,,,,,,,
Lon Gerlach,gerlachl@teamturtle319outlook.onmicrosoft.com,C#Javascript,No,Lon,Gerlach,,,,,,,,,,,
Modesta Zemlak,zemlakm@teamturtle319outlook.onmicrosoft.com,C#Javascript,No,Modesta,Zemlak,,,,,,,,,,,
Cristal Donnelly,donnellyc@teamturtle319outlook.onmicrosoft.com,C#Javascript,No,Cristal,Donnelly,,,,,,,,,,,
Vincenza Daniel,danielv@teamturtle319outlook.onmicrosoft.com,C#Javascript,No,Vincenza,Daniel,,,,,,,,,,,
Stone West,wests@teamturtle319outlook.onmicrosoft.com,C#Javascript,No,Stone,West,,,,,,,,,,,
Giovanny Conn,conng@teamturtle319outlook.onmicrosoft.com,C#Javascript,No,Giovanny,Conn,,,,,,,,,,,
Ahmad Blick,blicka@teamturtle319outlook.onmicrosoft.com,C#Javascript,No,Ahmad,Blick,,,,,,,,,,,
Mose Stehr,stehrm@teamturtle319outlook.onmicrosoft.com,C#Javascript,No,Mose,Stehr,,,,,,,,,,,
Antonette Schneider,schneidera@teamturtle319outlook.onmicrosoft.com,C#Javascript,No,Antonette,Schneider,,,,,,,,,,,
Wilhelmine Dooley,dooleyw@teamturtle319outlook.onmicrosoft.com,C#Javascript,No,Wilhelmine,Dooley,,,,,,,,,,,
Toby Schultz,schultzt@teamturtle319outlook.onmicrosoft.com,C#Javascript,No,Toby,Schultz,,,,,,,,,,,
Leora Quitzon,quitzonl@teamturtle319outlook.onmicrosoft.com,C#Javascript,No,Leora,Quitzon,,,,,,,,,,,
Hershel Roob,roobh@teamturtle319outlook.onmicrosoft.com,C#Javascript,No,Hershel,Roob,,,,,,,,,,,
Halle Stark,starkh@teamturtle319outlook.onmicrosoft.com,C#Javascript,No,Halle,Stark,,,,,,,,,,,
Everardo Lynch,lynche@teamturtle319outlook.onmicrosoft.com,C#Javascript,No,Everardo,Lynch,,,,,,,,,,,
Maxime Blanda,blandam@teamturtle319outlook.onmicrosoft.com,C#Javascript,No,Maxime,Blanda,,,,,,,,,,,
Sheila Wehner,wehners@teamturtle319outlook.onmicrosoft.com,C#Javascript,No,Sheila,Wehner,,,,,,,,,,,
Annabell Walsh,walsha@teamturtle319outlook.onmicrosoft.com,C#Javascript,No,Annabell,Walsh,,,,,,,,,,,
Verla Hoppe,hoppev@teamturtle319outlook.onmicrosoft.com,C#Javascript,No,Verla,Hoppe,,,,,,,,,,,
Ryann Jaskolski,jaskolskir@teamturtle319outlook.onmicrosoft.com,C#Javascript,No,Ryann,Jaskolski,,,,,,,,,,,
Reba Anderson,andersonr@teamturtle319outlook.onmicrosoft.com,C#Javascript,No,Reba,Anderson,,,,,,,,,,,
Tre Schulist,schulistt@teamturtle319outlook.onmicrosoft.com,C#Javascript,No,Tre,Schulist,,,,,,,,,,,
Olen Heidenreich,heidenreicho@teamturtle319outlook.onmicrosoft.com,C#Javascript,No,Olen,Heidenreich,,,,,,,,,,,
Judge Bosco,boscoj@teamturtle319outlook.onmicrosoft.com,C#Javascript,No,Judge,Bosco,,,,,,,,,,,
Spencer Walter,walters@teamturtle319outlook.onmicrosoft.com,C#Javascript,No,Spencer,Walter,,,,,,,,,,,
Douglas Yost,yostd@teamturtle319outlook.onmicrosoft.com,C#Javascript,No,Douglas,Yost,,,,,,,,,,,
Gabriel Lakin,laking@teamturtle319outlook.onmicrosoft.com,C#Javascript,No,Gabriel,Lakin,,,,,,,,,,,
Ernest Champlin,champline@teamturtle319outlook.onmicrosoft.com,C#Javascript,No,Ernest,Champlin,,,,,,,,,,,
Stefanie OKon,okons@teamturtle319outlook.onmicrosoft.com,C#Javascript,No,Stefanie,OKon,,,,,,,,,,,
Una Bogisich,bogisichu@teamturtle319outlook.onmicrosoft.com,C#Javascript,No,Una,Bogisich,,,,,,,,,,,
Iliana Padberg,padbergi@teamturtle319outlook.onmicrosoft.com,C#Javascript,No,Iliana,Padberg,,,,,,,,,,,
Herminia Pacocha,pacochah@teamturtle319outlook.onmicrosoft.com,C#Javascript,No,Herminia,Pacocha,,,,,,,,,,,
Madonna Murphy,murphym@teamturtle319outlook.onmicrosoft.com,C#Javascript,No,Madonna,Murphy,,,,,,,,,,,
Rod Hoeger,hoegerr@teamturtle319outlook.onmicrosoft.com,C#Javascript,No,Rod,Hoeger,,,,,,,,,,,
Junius Dare,darej@teamturtle319outlook.onmicrosoft.com,C#Javascript,No,Junius,Dare,,,,,,,,,,,
Phoebe Fisher,fisherp@teamturtle319outlook.onmicrosoft.com,C#Javascript,No,Phoebe,Fisher,,,,,,,,,,,
Gerard Schmeler,schmelerg@teamturtle319outlook.onmicrosoft.com,C#Javascript,No,Gerard,Schmeler,,,,,,,,,,,
Alec Reynolds,reynoldsa@teamturtle319outlook.onmicrosoft.com,C#Javascript,No,Alec,Reynolds,,,,,,,,,,,
Lenora Franecki,franeckil@teamturtle319outlook.onmicrosoft.com,C#Javascript,No,Lenora,Franecki,,,,,,,,,,,
Clarissa Pfeffer,pfefferc@teamturtle319outlook.onmicrosoft.com,C#Javascript,No,Clarissa,Pfeffer,,,,,,,,,,,
Fernando Mills,millsf@teamturtle319outlook.onmicrosoft.com,C#Javascript,No,Fernando,Mills,,,,,,,,,,,
Bruce Ondricka,ondrickab@teamturtle319outlook.onmicrosoft.com,C#Javascript,No,Bruce,Ondricka,,,,,,,,,,,
Betty Becker,beckerb@teamturtle319outlook.onmicrosoft.com,C#Javascript,No,Betty,Becker,,,,,,,,,,,
Shakira Feil,feils@teamturtle319outlook.onmicrosoft.com,C#Javascript,No,Shakira,Feil,,,,,,,,,,,
Regan DAmore,damorer@teamturtle319outlook.onmicrosoft.com,C#Javascript,No,Regan,DAmore,,,,,,,,,,,
Cordelia Predovic,predovicc@teamturtle319outlook.onmicrosoft.com,C#Javascript,No,Cordelia,Predovic,,,,,,,,,,,
Daphney Miller,millerd@teamturtle319outlook.onmicrosoft.com,C#Javascript,No,Daphney,Miller,,,,,,,,,,,
Matilda Paucek,paucekm@teamturtle319outlook.onmicrosoft.com,C#Javascript,No,Matilda,Paucek,,,,,,,,,,,
Alden Herzog,herzoga@teamturtle319outlook.onmicrosoft.com,C#Javascript,No,Alden,Herzog,,,,,,,,,,,
Marcia Friesen,friesenm@teamturtle319outlook.onmicrosoft.com,C#Javascript,No,Marcia,Friesen,,,,,,,,,,,
Caitlyn Fadel,fadelc@teamturtle319outlook.onmicrosoft.com,C#Javascript,No,Caitlyn,Fadel,,,,,,,,,,,
Brannon Greenholt,greenholtb@teamturtle319outlook.onmicrosoft.com,C#Javascript,No,Brannon,Greenholt,,,,,,,,,,,
Alexander Sawayn,sawayna@teamturtle319outlook.onmicrosoft.com,C#Javascript,No,Alexander,Sawayn,,,,,,,,,,,
Madisen Langworth,langworthm@teamturtle319outlook.onmicrosoft.com,C#Javascript,No,Madisen,Langworth,,,,,,,,,,,
Ford Mayer,mayerf@teamturtle319outlook.onmicrosoft.com,C#Javascript,No,Ford,Mayer,,,,,,,,,,,
Glenna Prohaska,prohaskag@teamturtle319outlook.onmicrosoft.com,C#Javascript,No,Glenna,Prohaska,,,,,,,,,,,
Adolphus Hahn,hahna@teamturtle319outlook.onmicrosoft.com,C#Javascript,No,Adolphus,Hahn,,,,,,,,,,,
Edwin Quitzon,quitzone@teamturtle319outlook.onmicrosoft.com,C#Javascript,No,Edwin,Quitzon,,,,,,,,,,,
Ana Wisoky,wisokya@teamturtle319outlook.onmicrosoft.com,C#Javascript,No,Ana,Wisoky,,,,,,,,,,,
Loy Zemlak,zemlakl@teamturtle319outlook.onmicrosoft.com,C#Javascript,No,Loy,Zemlak,,,,,,,,,,,
Jessyca Watsica,watsicaj@teamturtle319outlook.onmicrosoft.com,C#Javascript,No,Jessyca,Watsica,,,,,,,,,,,
Elena Gottlieb,gottliebe@teamturtle319outlook.onmicrosoft.com,C#Javascript,No,Elena,Gottlieb,,,,,,,,,,,
Enola Pacocha,pacochae@teamturtle319outlook.onmicrosoft.com,C#Javascript,No,Enola,Pacocha,,,,,,,,,,,
Lyric Kertzmann,kertzmannl@teamturtle319outlook.onmicrosoft.com,C#Javascript,No,Lyric,Kertzmann,,,,,,,,,,,
Teagan Buckridge,buckridget@teamturtle319outlook.onmicrosoft.com,C#Javascript,No,Teagan,Buckridge,,,,,,,,,,,
Beverly Stroman,stromanb@teamturtle319outlook.onmicrosoft.com,C#Javascript,No,Beverly,Stroman,,,,,,,,,,,
Yasmeen Hickle,hickley@teamturtle319outlook.onmicrosoft.com,C#Javascript,No,Yasmeen,Hickle,,,,,,,,,,,
Nia Dietrich,dietrichn@teamturtle319outlook.onmicrosoft.com,C#Javascript,No,Nia,Dietrich,,,,,,,,,,,
Lenny Gislason,gislasonl@teamturtle319outlook.onmicrosoft.com,C#Javascript,No,Lenny,Gislason,,,,,,,,,,,
Yasmine Metz,metzy@teamturtle319outlook.onmicrosoft.com,C#Javascript,No,Yasmine,Metz,,,,,,,,,,,
Kacey Dach,dachk@teamturtle319outlook.onmicrosoft.com,C#Javascript,No,Kacey,Dach,,,,,,,,,,,
Enrique Towne,townee@teamturtle319outlook.onmicrosoft.com,C#Javascript,No,Enrique,Towne,,,,,,,,,,,
Blake Erdman,erdmanb@teamturtle319outlook.onmicrosoft.com,C#Javascript,No,Blake,Erdman,,,,,,,,,,,
Roberta Fadel,fadelr@teamturtle319outlook.onmicrosoft.com,C#Javascript,No,Roberta,Fadel,,,,,,,,,,,
Oran Lemke,lemkeo@teamturtle319outlook.onmicrosoft.com,C#Javascript,No,Oran,Lemke,,,,,,,,,,,
Jazmyne Stamm,stammj@teamturtle319outlook.onmicrosoft.com,C#Javascript,No,Jazmyne,Stamm,,,,,,,,,,,
Violet Schiller,schillerv@teamturtle319outlook.onmicrosoft.com,C#Javascript,No,Violet,Schiller,,,,,,,,,,,
Alexie Fay,faya@teamturtle319outlook.onmicrosoft.com,C#Javascript,No,Alexie,Fay,,,,,,,,,,,
Juwan Cormier,cormierj@teamturtle319outlook.onmicrosoft.com,C#Javascript,No,Juwan,Cormier,,,,,,,,,,,
Morgan Witting,wittingm@teamturtle319outlook.onmicrosoft.com,C#Javascript,No,Morgan,Witting,,,,,,,,,,,
Wayne Welch,welchw@teamturtle319outlook.onmicrosoft.com,C#Javascript,No,Wayne,Welch,,,,,,,,,,,
Jamarcus Dickens,dickensj@teamturtle319outlook.onmicrosoft.com,C#Javascript,No,Jamarcus,Dickens,,,,,,,,,,,
Madisyn Nienow,nienowm@teamturtle319outlook.onmicrosoft.com,C#Javascript,No,Madisyn,Nienow,,,,,,,,,,,
Annabelle Schumm,schumma@teamturtle319outlook.onmicrosoft.com,C#Javascript,No,Annabelle,Schumm,,,,,,,,,,,
Kenyon Glover,gloverk@teamturtle319outlook.onmicrosoft.com,C#Javascript,No,Kenyon,Glover,,,,,,,,,,,
Hailee Frami,framih@teamturtle319outlook.onmicrosoft.com,C#Javascript,No,Hailee,Frami,,,,,,,,,,,
Bernie Kilback,kilbackb@teamturtle319outlook.onmicrosoft.com,C#Javascript,No,Bernie,Kilback,,,,,,,,,,,
Neha Klein,kleinn@teamturtle319outlook.onmicrosoft.com,C#Javascript,No,Neha,Klein,,,,,,,,,,,
Lysanne Pfannerstill,pfannerstilll@teamturtle319outlook.onmicrosoft.com,C#Javascript,No,Lysanne,Pfannerstill,,,,,,,,,,,
Gisselle Baumbach,baumbachg@teamturtle319outlook.onmicrosoft.com,C#Javascript,No,Gisselle,Baumbach,,,,,,,,,,,
Rusty Hessel,hesselr@teamturtle319outlook.onmicrosoft.com,C#Javascript,No,Rusty,Hessel,,,,,,,,,,,
Felipe Rohan,rohanf@teamturtle319outlook.onmicrosoft.com,C#Javascript,No,Felipe,Rohan,,,,,,,,,,,
Lafayette Fritsch,fritschl@teamturtle319outlook.onmicrosoft.com,C#Javascript,No,Lafayette,Fritsch,,,,,,,,,,,
Lyda Toy,toyl@teamturtle319outlook.onmicrosoft.com,C#Javascript,No,Lyda,Toy,,,,,,,,,,,
Jeremy Bartell,bartellj@teamturtle319outlook.onmicrosoft.com,C#Javascript,No,Jeremy,Bartell,,,,,,,,,,,
Wilhelm Little,littlew@teamturtle319outlook.onmicrosoft.com,C#Javascript,No,Wilhelm,Little,,,,,,,,,,,
Federico Gerlach,gerlachf@teamturtle319outlook.onmicrosoft.com,C#Javascript,No,Federico,Gerlach,,,,,,,,,,,
Dashawn Streich,streichd@teamturtle319outlook.onmicrosoft.com,C#Javascript,No,Dashawn,Streich,,,,,,,,,,,
Kaia Stiedemann,stiedemannk@teamturtle319outlook.onmicrosoft.com,C#Javascript,No,Kaia,Stiedemann,,,,,,,,,,,
Tracey Carter,cartert@teamturtle319outlook.onmicrosoft.com,C#Javascript,No,Tracey,Carter,,,,,,,,,,,
Deanna Mills,millsd@teamturtle319outlook.onmicrosoft.com,C#Javascript,No,Deanna,Mills,,,,,,,,,,,
Muriel Bednar,bednarm@teamturtle319outlook.onmicrosoft.com,C#Javascript,No,Muriel,Bednar,,,,,,,,,,,
Brett Considine,considineb@teamturtle319outlook.onmicrosoft.com,C#Javascript,No,Brett,Considine,,,,,,,,,,,
Ryann Stiedemann,stiedemannr@teamturtle319outlook.onmicrosoft.com,C#Javascript,No,Ryann,Stiedemann,,,,,,,,,,,
Lloyd Kling,klingl@teamturtle319outlook.onmicrosoft.com,C#Javascript,No,Lloyd,Kling,,,,,,,,,,,
Rhett Muller,mullerr@teamturtle319outlook.onmicrosoft.com,C#Javascript,No,Rhett,Muller,,,,,,,,,,,
Heber Willms,willmsh@teamturtle319outlook.onmicrosoft.com,C#Javascript,No,Heber,Willms,,,,,,,,,,,
Waino Kuvalis,kuvalisw@teamturtle319outlook.onmicrosoft.com,C#Javascript,No,Waino,Kuvalis,,,,,,,,,,,
Quincy Emard,emardq@teamturtle319outlook.onmicrosoft.com,C#Javascript,No,Quincy,Emard,,,,,,,,,,,
Alvera Dach,dacha@teamturtle319outlook.onmicrosoft.com,C#Javascript,No,Alvera,Dach,,,,,,,,,,,
Sim Schuster,schusters@teamturtle319outlook.onmicrosoft.com,C#Javascript,No,Sim,Schuster,,,,,,,,,,,
Gino Kerluke,kerlukeg@teamturtle319outlook.onmicrosoft.com,C#Javascript,No,Gino,Kerluke,,,,,,,,,,,
Eino Simonis,simonise@teamturtle319outlook.onmicrosoft.com,C#Javascript,No,Eino,Simonis,,,,,,,,,,,
Lamont Gaylord,gaylordl@teamturtle319outlook.onmicrosoft.com,C#Javascript,No,Lamont,Gaylord,,,,,,,,,,,
Kathryn Hills,hillsk@teamturtle319outlook.onmicrosoft.com,C#Javascript,No,Kathryn,Hills,,,,,,,,,,,
Kamille Fay,fayk@teamturtle319outlook.onmicrosoft.com,C#Javascript,No,Kamille,Fay,,,,,,,,,,,
Katherine Volkman,volkmank@teamturtle319outlook.onmicrosoft.com,C#Javascript,No,Katherine,Volkman,,,,,,,,,,,
Dayana Pfannerstill,pfannerstilld@teamturtle319outlook.onmicrosoft.com,C#Javascript,No,Dayana,Pfannerstill,,,,,,,,,,,
Thelma Lakin,lakint@teamturtle319outlook.onmicrosoft.com,C#Javascript,No,Thelma,Lakin,,,,,,,,,,,
Keshawn Nicolas,nicolask@teamturtle319outlook.onmicrosoft.com,C#Javascript,No,Keshawn,Nicolas,,,,,,,,,,,
Quincy Harvey,harveyq@teamturtle319outlook.onmicrosoft.com,C#Javascript,No,Quincy,Harvey,,,,,,,,,,,
Sarai Larson,larsons@teamturtle319outlook.onmicrosoft.com,C#Javascript,No,Sarai,Larson,,,,,,,,,,,
Eliseo Schowalter,schowaltere@teamturtle319outlook.onmicrosoft.com,C#Javascript,No,Eliseo,Schowalter,,,,,,,,,,,
Roel Romaguera,romaguerar@teamturtle319outlook.onmicrosoft.com,C#Javascript,No,Roel,Romaguera,,,,,,,,,,,
Jackie Hansen,hansenj@teamturtle319outlook.onmicrosoft.com,C#Javascript,No,Jackie,Hansen,,,,,,,,,,,
Jeanne Larson,larsonj@teamturtle319outlook.onmicrosoft.com,C#Javascript,No,Jeanne,Larson,,,,,,,,,,,
Isaiah Roberts,robertsi@teamturtle319outlook.onmicrosoft.com,C#Javascript,No,Isaiah,Roberts,,,,,,,,,,,
Ivah Hyatt,hyatti@teamturtle319outlook.onmicrosoft.com,C#Javascript,No,Ivah,Hyatt,,,,,,,,,,,
Victor Little,littlev@teamturtle319outlook.onmicrosoft.com,C#Javascript,No,Victor,Little,,,,,,,,,,,
Jerald Stracke,strackej@teamturtle319outlook.onmicrosoft.com,C#Javascript,No,Jerald,Stracke,,,,,,,,,,,
Verona Wiegand,wiegandv@teamturtle319outlook.onmicrosoft.com,C#Javascript,No,Verona,Wiegand,,,,,,,,,,,
Ardith Bogan,bogana@teamturtle319outlook.onmicrosoft.com,C#Javascript,No,Ardith,Bogan,,,,,,,,,,,
Reuben Stroman,stromanr@teamturtle319outlook.onmicrosoft.com,C#Javascript,No,Reuben,Stroman,,,,,,,,,,,
Jonathon Oberbrunner,oberbrunnerj@teamturtle319outlook.onmicrosoft.com,C#Javascript,No,Jonathon,Oberbrunner,,,,,,,,,,,
Miller Trantow,trantowm@teamturtle319outlook.onmicrosoft.com,C#Javascript,No,Miller,Trantow,,,,,,,,,,,
Sheila Konopelski,konopelskis@teamturtle319outlook.onmicrosoft.com,C#Javascript,No,Sheila,Konopelski,,,,,,,,,,,
Shaniya Stracke,strackes@teamturtle319outlook.onmicrosoft.com,C#Javascript,No,Shaniya,Stracke,,,,,,,,,,,
Zoey Steuber,steuberz@teamturtle319outlook.onmicrosoft.com,C#Javascript,No,Zoey,Steuber,,,,,,,,,,,
Jerrod Gleichner,gleichnerj@teamturtle319outlook.onmicrosoft.com,C#Javascript,No,Jerrod,Gleichner,,,,,,,,,,,
Ole Block,blocko@teamturtle319outlook.onmicrosoft.com,C#Javascript,No,Ole,Block,,,,,,,,,,,
Dino Nolan,noland@teamturtle319outlook.onmicrosoft.com,C#Javascript,No,Dino,Nolan,,,,,,,,,,,
Mina Yost,yostm@teamturtle319outlook.onmicrosoft.com,C#Javascript,No,Mina,Yost,,,,,,,,,,,
Piper Halvorson,halvorsonp@teamturtle319outlook.onmicrosoft.com,C#Javascript,No,Piper,Halvorson,,,,,,,,,,,
Selina Beier,beiers@teamturtle319outlook.onmicrosoft.com,C#Javascript,No,Selina,Beier,,,,,,,,,,,
Gavin Trantow,trantowg@teamturtle319outlook.onmicrosoft.com,C#Javascript,No,Gavin,Trantow,,,,,,,,,,,
Ambrose Kub,kuba@teamturtle319outlook.onmicrosoft.com,C#Javascript,No,Ambrose,Kub,,,,,,,,,,,
Jade Hessel,hesselj@teamturtle319outlook.onmicrosoft.com,C#Javascript,No,Jade,Hessel,,,,,,,,,,,
Russ Kreiger,kreigerr@teamturtle319outlook.onmicrosoft.com,C#Javascript,No,Russ,Kreiger,,,,,,,,,,,
Dudley Paucek,paucekd@teamturtle319outlook.onmicrosoft.com,C#Javascript,No,Dudley,Paucek,,,,,,,,,,,
Halie Lebsack,lebsackh@teamturtle319outlook.onmicrosoft.com,C#Javascript,No,Halie,Lebsack,,,,,,,,,,,
Kobe Rice,ricek@teamturtle319outlook.onmicrosoft.com,C#Javascript,No,Kobe,Rice,,,,,,,,,,,
Anne Lindgren,lindgrena@teamturtle319outlook.onmicrosoft.com,C#Javascript,No,Anne,Lindgren,,,,,,,,,,,
Lesley Monahan,monahanl@teamturtle319outlook.onmicrosoft.com,C#Javascript,No,Lesley,Monahan,,,,,,,,,,,
Murphy Ledner,lednerm@teamturtle319outlook.onmicrosoft.com,C#Javascript,No,Murphy,Ledner,,,,,,,,,,,
Marley Lesch,leschm@teamturtle319outlook.onmicrosoft.com,C#Javascript,No,Marley,Lesch,,,,,,,,,,,
Manuela Hand,handm@teamturtle319outlook.onmicrosoft.com,C#Javascript,No,Manuela,Hand,,,,,,,,,,,
Camila Stoltenberg,stoltenbergc@teamturtle319outlook.onmicrosoft.com,C#Javascript,No,Camila,Stoltenberg,,,,,,,,,,,
Winnifred Schneider,schneiderw@teamturtle319outlook.onmicrosoft.com,C#Javascript,No,Winnifred,Schneider,,,,,,,,,,,
Winfield Kris,krisw@teamturtle319outlook.onmicrosoft.com,C#Javascript,No,Winfield,Kris,,,,,,,,,,,
Sanford Kunde,kundes@teamturtle319outlook.onmicrosoft.com,C#Javascript,No,Sanford,Kunde,,,,,,,,,,,
Madonna Gerlach,gerlachm@teamturtle319outlook.onmicrosoft.com,C#Javascript,No,Madonna,Gerlach,,,,,,,,,,,
Cassidy Baumbach,baumbachc@teamturtle319outlook.onmicrosoft.com,C#Javascript,No,Cassidy,Baumbach,,,,,,,,,,,
Lisette Maggio,maggiol@teamturtle319outlook.onmicrosoft.com,C#Javascript,No,Lisette,Maggio,,,,,,,,,,,
Stephania Boyer,boyers@teamturtle319outlook.onmicrosoft.com,C#Javascript,No,Stephania,Boyer,,,,,,,,,,,
Ricky Braun,braunr@teamturtle319outlook.onmicrosoft.com,C#Javascript,No,Ricky,Braun,,,,,,,,,,,
Dayne Schamberger,schambergerd@teamturtle319outlook.onmicrosoft.com,C#Javascript,No,Dayne,Schamberger,,,,,,,,,,,
Dariana Kovacek,kovacekd@teamturtle319outlook.onmicrosoft.com,C#Javascript,No,Dariana,Kovacek,,,,,,,,,,,
Hal Boyer,boyerh@teamturtle319outlook.onmicrosoft.com,C#Javascript,No,Hal,Boyer,,,,,,,,,,,
Deondre Konopelski,konopelskid@teamturtle319outlook.onmicrosoft.com,C#Javascript,No,Deondre,Konopelski,,,,,,,,,,,
Thaddeus Moore,mooret@teamturtle319outlook.onmicrosoft.com,C#Javascript,No,Thaddeus,Moore,,,,,,,,,,,
Gilda Labadie,labadieg@teamturtle319outlook.onmicrosoft.com,C#Javascript,No,Gilda,Labadie,,,,,,,,,,,
Hermann Cremin,creminh@teamturtle319outlook.onmicrosoft.com,C#Javascript,No,Hermann,Cremin,,,,,,,,,,,
Helena Jacobson,jacobsonh@teamturtle319outlook.onmicrosoft.com,C#Javascript,No,Helena,Jacobson,,,,,,,,,,,
Cyril Windler,windlerc@teamturtle319outlook.onmicrosoft.com,C#Javascript,No,Cyril,Windler,,,,,,,,,,,
Harold Crist,cristh@teamturtle319outlook.onmicrosoft.com,C#Javascript,No,Harold,Crist,,,,,,,,,,,
Damion Tremblay,tremblayd@teamturtle319outlook.onmicrosoft.com,C#Javascript,No,Damion,Tremblay,,,,,,,,,,,
Isobel Denesik,denesiki@teamturtle319outlook.onmicrosoft.com,C#Javascript,No,Isobel,Denesik,,,,,,,,,,,
Easter Lowe,lowee@teamturtle319outlook.onmicrosoft.com,C#Javascript,No,Easter,Lowe,,,,,,,,,,,
Cleta Langworth,langworthc@teamturtle319outlook.onmicrosoft.com,C#Javascript,No,Cleta,Langworth,,,,,,,,,,,
Shyann Bednar,bednars@teamturtle319outlook.onmicrosoft.com,C#Javascript,No,Shyann,Bednar,,,,,,,,,,,
Hyman Lockman,lockmanh@teamturtle319outlook.onmicrosoft.com,C#Javascript,No,Hyman,Lockman,,,,,,,,,,,
Whitney Cormier,cormierw@teamturtle319outlook.onmicrosoft.com,C#Javascript,No,Whitney,Cormier,,,,,,,,,,,
Naomi Weber,webern@teamturtle319outlook.onmicrosoft.com,C#Javascript,No,Naomi,Weber,,,,,,,,,,,
Norma Beier,beiern@teamturtle319outlook.onmicrosoft.com,C#Javascript,No,Norma,Beier,,,,,,,,,,,
Patricia Mohr,mohrp@teamturtle319outlook.onmicrosoft.com,C#Javascript,No,Patricia,Mohr,,,,,,,,,,,
Bruce Altenwerth,altenwerthb@teamturtle319outlook.onmicrosoft.com,C#Javascript,No,Bruce,Altenwerth,,,,,,,,,,,
Lonzo Ortiz,ortizl@teamturtle319outlook.onmicrosoft.com,C#Javascript,No,Lonzo,Ortiz,,,,,,,,,,,
Kelly Leannon,leannonk@teamturtle319outlook.onmicrosoft.com,C#Javascript,No,Kelly,Leannon,,,,,,,,,,,
Filomena Pfannerstill,pfannerstillf@teamturtle319outlook.onmicrosoft.com,C#Javascript,No,Filomena,Pfannerstill,,,,,,,,,,,
Amely Reinger,reingera@teamturtle319outlook.onmicrosoft.com,C#Javascript,No,Amely,Reinger,,,,,,,,,,,
Milton Schneider,schneiderm@teamturtle319outlook.onmicrosoft.com,C#Javascript,No,Milton,Schneider,,,,,,,,,,,
Eliza Upton,uptone@teamturtle319outlook.onmicrosoft.com,C#Javascript,No,Eliza,Upton,,,,,,,,,,,
Cristian Walter,walterc@teamturtle319outlook.onmicrosoft.com,C#Javascript,No,Cristian,Walter,,,,,,,,,,,
Fletcher Berge,bergef@teamturtle319outlook.onmicrosoft.com,C#Javascript,No,Fletcher,Berge,,,,,,,,,,,
Angus Windler,windlera@teamturtle319outlook.onmicrosoft.com,C#Javascript,No,Angus,Windler,,,,,,,,,,,
Chaz Torphy,torphyc@teamturtle319outlook.onmicrosoft.com,C#Javascript,No,Chaz,Torphy,,,,,,,,,,,
Florine Barrows,barrowsf@teamturtle319outlook.onmicrosoft.com,C#Javascript,No,Florine,Barrows,,,,,,,,,,,
Jazlyn Green,greenj@teamturtle319outlook.onmicrosoft.com,C#Javascript,No,Jazlyn,Green,,,,,,,,,,,
Melany Johns,johnsm@teamturtle319outlook.onmicrosoft.com,C#Javascript,No,Melany,Johns,,,,,,,,,,,
Janie Willms,willmsj@teamturtle319outlook.onmicrosoft.com,C#Javascript,No,Janie,Willms,,,,,,,,,,,
Filiberto Schiller,schillerf@teamturtle319outlook.onmicrosoft.com,C#Javascript,No,Filiberto,Schiller,,,,,,,,,,,
Justus Harvey,harveyj@teamturtle319outlook.onmicrosoft.com,C#Javascript,No,Justus,Harvey,,,,,,,,,,,
Anissa Carroll,carrolla@teamturtle319outlook.onmicrosoft.com,C#Javascript,No,Anissa,Carroll,,,,,,,,,,,
Mathilde Rohan,rohanm@teamturtle319outlook.onmicrosoft.com,C#Javascript,No,Mathilde,Rohan,,,,,,,,,,,
Raina Padberg,padbergr@teamturtle319outlook.onmicrosoft.com,C#Javascript,No,Raina,Padberg,,,,,,,,,,,
Santa Feeney,feeneys@teamturtle319outlook.onmicrosoft.com,C#Javascript,No,Santa,Feeney,,,,,,,,,,,
Wilhelmine Osinski,osinskiw@teamturtle319outlook.onmicrosoft.com,C#Javascript,No,Wilhelmine,Osinski,,,,,,,,,,,
Garry Kunde,kundeg@teamturtle319outlook.onmicrosoft.com,C#Javascript,No,Garry,Kunde,,,,,,,,,,,
Stan Russel,russels@teamturtle319outlook.onmicrosoft.com,C#Javascript,No,Stan,Russel,,,,,,,,,,,
Grover Tromp,trompg@teamturtle319outlook.onmicrosoft.com,C#Javascript,No,Grover,Tromp,,,,,,,,,,,
Britney Ernser,ernserb@teamturtle319outlook.onmicrosoft.com,C#Javascript,No,Britney,Ernser,,,,,,,,,,,
Beaulah Hackett,hackettb@teamturtle319outlook.onmicrosoft.com,C#Javascript,No,Beaulah,Hackett,,,,,,,,,,,
Jaunita Runte,runtej@teamturtle319outlook.onmicrosoft.com,C#Javascript,No,Jaunita,Runte,,,,,,,,,,,
Leola Bergnaum,bergnauml@teamturtle319outlook.onmicrosoft.com,C#Javascript,No,Leola,Bergnaum,,,,,,,,,,,
Garfield Adams,adamsg@teamturtle319outlook.onmicrosoft.com,C#Javascript,No,Garfield,Adams,,,,,,,,,,,
Christopher Kihn,kihnc@teamturtle319outlook.onmicrosoft.com,C#Javascript,No,Christopher,Kihn,,,,,,,,,,,
Virgie Haag,haagv@teamturtle319outlook.onmicrosoft.com,C#Javascript,No,Virgie,Haag,,,,,,,,,,,
Carmen Altenwerth,altenwerthc@teamturtle319outlook.onmicrosoft.com,C#Javascript,No,Carmen,Altenwerth,,,,,,,,,,,
Freida Christiansen,christiansenf@teamturtle319outlook.onmicrosoft.com,C#Javascript,No,Freida,Christiansen,,,,,,,,,,,
Wilfred Lebsack,lebsackw@teamturtle319outlook.onmicrosoft.com,C#Javascript,No,Wilfred,Lebsack,,,,,,,,,,,
Favian Stehr,stehrf@teamturtle319outlook.onmicrosoft.com,C#Javascript,No,Favian,Stehr,,,,,,,,,,,
Roger Rowe,rower@teamturtle319outlook.onmicrosoft.com,C#Javascript,No,Roger,Rowe,,,,,,,,,,,
Magdalen Waelchi,waelchim@teamturtle319outlook.onmicrosoft.com,C#Javascript,No,Magdalen,Waelchi,,,,,,,,,,,
Jordane Aufderhar,aufderharj@teamturtle319outlook.onmicrosoft.com,C#Javascript,No,Jordane,Aufderhar,,,,,,,,,,,
Fernando Schaefer,schaeferf@teamturtle319outlook.onmicrosoft.com,C#Javascript,No,Fernando,Schaefer,,,,,,,,,,,
Constantin Nitzsche,nitzschec@teamturtle319outlook.onmicrosoft.com,C#Javascript,No,Constantin,Nitzsche,,,,,,,,,,,
Marcella Powlowski,powlowskim@teamturtle319outlook.onmicrosoft.com,C#Javascript,No,Marcella,Powlowski,,,,,,,,,,,
Elta Leannon,leannone@teamturtle319outlook.onmicrosoft.com,C#Javascript,No,Elta,Leannon,,,,,,,,,,,
Louie Stiedemann,stiedemannl@teamturtle319outlook.onmicrosoft.com,C#Javascript,No,Louie,Stiedemann,,,,,,,,,,,
Wyman Sporer,sporerw@teamturtle319outlook.onmicrosoft.com,C#Javascript,No,Wyman,Sporer,,,,,,,,,,,
Leta Kemmer,kemmerl@teamturtle319outlook.onmicrosoft.com,C#Javascript,No,Leta,Kemmer,,,,,,,,,,,
Shawn Jacobson,jacobsons@teamturtle319outlook.onmicrosoft.com,C#Javascript,No,Shawn,Jacobson,,,,,,,,,,,
Roderick Schmidt,schmidtr@teamturtle319outlook.onmicrosoft.com,C#Javascript,No,Roderick,Schmidt,,,,,,,,,,,
Bartholome Rath,rathb@teamturtle319outlook.onmicrosoft.com,C#Javascript,No,Bartholome,Rath,,,,,,,,,,,
Conrad Waelchi,waelchic@teamturtle319outlook.onmicrosoft.com,C#Javascript,No,Conrad,Waelchi,,,,,,,,,,,
Krystal Predovic,predovick@teamturtle319outlook.onmicrosoft.com,C#Javascript,No,Krystal,Predovic,,,,,,,,,,,
Chaz Schamberger,schambergerc@teamturtle319outlook.onmicrosoft.com,C#Javascript,No,Chaz,Schamberger,,,,,,,,,,,
Ciara Adams,adamsc@teamturtle319outlook.onmicrosoft.com,C#Javascript,No,Ciara,Adams,,,,,,,,,,,
Westley Collins,collinsw@teamturtle319outlook.onmicrosoft.com,C#Javascript,No,Westley,Collins,,,,,,,,,,,
Alyson Pollich,pollicha@teamturtle319outlook.onmicrosoft.com,C#Javascript,No,Alyson,Pollich,,,,,,,,,,,
Tod Price,pricet@teamturtle319outlook.onmicrosoft.com,C#Javascript,No,Tod,Price,,,,,,,,,,,
Lucas Lang,langl@teamturtle319outlook.onmicrosoft.com,C#Javascript,No,Lucas,Lang,,,,,,,,,,,
Benedict Schiller,schillerb@teamturtle319outlook.onmicrosoft.com,C#Javascript,No,Benedict,Schiller,,,,,,,,,,,
Evie Langworth,langworthe@teamturtle319outlook.onmicrosoft.com,C#Javascript,No,Evie,Langworth,,,,,,,,,,,
Curt Emmerich,emmerichc@teamturtle319outlook.onmicrosoft.com,C#Javascript,No,Curt,Emmerich,,,,,,,,,,,
Adrain Hills,hillsa@teamturtle319outlook.onmicrosoft.com,C#Javascript,No,Adrain,Hills,,,,,,,,,,,
Abigale McClure,mcclurea@teamturtle319outlook.onmicrosoft.com,C#Javascript,No,Abigale,McClure,,,,,,,,,,,
Elwin Kshlerin,kshlerine@teamturtle319outlook.onmicrosoft.com,C#Javascript,No,Elwin,Kshlerin,,,,,,,,,,,
Kailyn Schulist,schulistk@teamturtle319outlook.onmicrosoft.com,C#Javascript,No,Kailyn,Schulist,,,,,,,,,,,
Troy Ritchie,ritchiet@teamturtle319outlook.onmicrosoft.com,C#Javascript,No,Troy,Ritchie,,,,,,,,,,,
Gonzalo Collins,collinsg@teamturtle319outlook.onmicrosoft.com,C#Javascript,No,Gonzalo,Collins,,,,,,,,,,,
Mallory Keeling,keelingm@teamturtle319outlook.onmicrosoft.com,C#Javascript,No,Mallory,Keeling,,,,,,,,,,,
Hester Collier,collierh@teamturtle319outlook.onmicrosoft.com,C#Javascript,No,Hester,Collier,,,,,,,,,,,
Nikita Pouros,pourosn@teamturtle319outlook.onmicrosoft.com,C#Javascript,No,Nikita,Pouros,,,,,,,,,,,
Olaf Kulas,kulaso@teamturtle319outlook.onmicrosoft.com,C#Javascript,No,Olaf,Kulas,,,,,,,,,,,
Nova Vandervort,vandervortn@teamturtle319outlook.onmicrosoft.com,C#Javascript,No,Nova,Vandervort,,,,,,,,,,,
Arno Schroeder,schroedera@teamturtle319outlook.onmicrosoft.com,C#Javascript,No,Arno,Schroeder,,,,,,,,,,,
Bernie Weissnat,weissnatb@teamturtle319outlook.onmicrosoft.com,C#Javascript,No,Bernie,Weissnat,,,,,,,,,,,
Yesenia Fritsch,fritschy@teamturtle319outlook.onmicrosoft.com,C#Javascript,No,Yesenia,Fritsch,,,,,,,,,,,
Jessie Durgan,durganj@teamturtle319outlook.onmicrosoft.com,C#Javascript,No,Jessie,Durgan,,,,,,,,,,,
Favian Lang,langf@teamturtle319outlook.onmicrosoft.com,C#Javascript,No,Favian,Lang,,,,,,,,,,,
Providenci Stoltenberg,stoltenbergp@teamturtle319outlook.onmicrosoft.com,C#Javascript,No,Providenci,Stoltenberg,,,,,,,,,,,
Casey Rowe,rowec@teamturtle319outlook.onmicrosoft.com,C#Javascript,No,Casey,Rowe,,,,,,,,,,,
Javon Balistreri,balistrerij@teamturtle319outlook.onmicrosoft.com,C#Javascript,No,Javon,Balistreri,,,,,,,,,,,
Era Bartoletti,bartolettie@teamturtle319outlook.onmicrosoft.com,C#Javascript,No,Era,Bartoletti,,,,,,,,,,,
Maude Morar,morarm@teamturtle319outlook.onmicrosoft.com,C#Javascript,No,Maude,Morar,,,,,,,,,,,
Marc Bruen,bruenm@teamturtle319outlook.onmicrosoft.com,C#Javascript,No,Marc,Bruen,,,,,,,,,,,
Alycia Turner,turnera@teamturtle319outlook.onmicrosoft.com,C#Javascript,No,Alycia,Turner,,,,,,,,,,,
Pierce Rath,rathp@teamturtle319outlook.onmicrosoft.com,C#Javascript,No,Pierce,Rath,,,,,,,,,,,
Elmira Hane,hanee@teamturtle319outlook.onmicrosoft.com,C#Javascript,No,Elmira,Hane,,,,,,,,,,,
Vincenzo Corkery,corkeryv@teamturtle319outlook.onmicrosoft.com,C#Javascript,No,Vincenzo,Corkery,,,,,,,,,,,
Dariana Waelchi,waelchid@teamturtle319outlook.onmicrosoft.com,C#Javascript,No,Dariana,Waelchi,,,,,,,,,,,
Brett Prohaska,prohaskab@teamturtle319outlook.onmicrosoft.com,C#Javascript,No,Brett,Prohaska,,,,,,,,,,,
Isom Wisoky,wisokyi@teamturtle319outlook.onmicrosoft.com,C#Javascript,No,Isom,Wisoky,,,,,,,,,,,
Eve Hammes,hammese@teamturtle319outlook.onmicrosoft.com,C#Javascript,No,Eve,Hammes,,,,,,,,,,,
Carmella Hagenes,hagenesc@teamturtle319outlook.onmicrosoft.com,C#Javascript,No,Carmella,Hagenes,,,,,,,,,,,
Gerda Reichert,reichertg@teamturtle319outlook.onmicrosoft.com,C#Javascript,No,Gerda,Reichert,,,,,,,,,,,
Rodrigo Leffler,lefflerr@teamturtle319outlook.onmicrosoft.com,C#Javascript,No,Rodrigo,Leffler,,,,,,,,,,,
Linnea Beahan,beahanl@teamturtle319outlook.onmicrosoft.com,C#Javascript,No,Linnea,Beahan,,,,,,,,,,,
Matteo McLaughlin,mclaughlinm@teamturtle319outlook.onmicrosoft.com,C#Javascript,No,Matteo,McLaughlin,,,,,,,,,,,
Trace OHara,oharat@teamturtle319outlook.onmicrosoft.com,C#Javascript,No,Trace,OHara,,,,,,,,,,,
Janice Denesik,denesikj@teamturtle319outlook.onmicrosoft.com,C#Javascript,No,Janice,Denesik,,,,,,,,,,,
Bettye Corwin,corwinb@teamturtle319outlook.onmicrosoft.com,C#Javascript,No,Bettye,Corwin,,,,,,,,,,,
Paris Haley,haleyp@teamturtle319outlook.onmicrosoft.com,C#Javascript,No,Paris,Haley,,,,,,,,,,,
Mafalda Wilderman,wildermanm@teamturtle319outlook.onmicrosoft.com,C#Javascript,No,Mafalda,Wilderman,,,,,,,,,,,
Noel Jakubowski,jakubowskin@teamturtle319outlook.onmicrosoft.com,C#Javascript,No,Noel,Jakubowski,,,,,,,,,,,
Branson Schowalter,schowalterb@teamturtle319outlook.onmicrosoft.com,C#Javascript,No,Branson,Schowalter,,,,,,,,,,,
Alayna Abernathy,abernathya@teamturtle319outlook.onmicrosoft.com,C#Javascript,No,Alayna,Abernathy,,,,,,,,,,,
Josh Pfannerstill,pfannerstillj@teamturtle319outlook.onmicrosoft.com,C#Javascript,No,Josh,Pfannerstill,,,,,,,,,,,
Ardella Rodriguez,rodrigueza@teamturtle319outlook.onmicrosoft.com,C#Javascript,No,Ardella,Rodriguez,,,,,,,,,,,
Piper Considine,considinep@teamturtle319outlook.onmicrosoft.com,C#Javascript,No,Piper,Considine,,,,,,,,,,,
Jade Emmerich,emmerichj@teamturtle319outlook.onmicrosoft.com,C#Javascript,No,Jade,Emmerich,,,,,,,,,,,
Arne Ritchie,ritchiea@teamturtle319outlook.onmicrosoft.com,C#Javascript,No,Arne,Ritchie,,,,,,,,,,,
Marco Durgan,durganm@teamturtle319outlook.onmicrosoft.com,C#Javascript,No,Marco,Durgan,,,,,,,,,,,
Tyson Skiles,skilest@teamturtle319outlook.onmicrosoft.com,C#Javascript,No,Tyson,Skiles,,,,,,,,,,,
Isac Beier,beieri@teamturtle319outlook.onmicrosoft.com,C#Javascript,No,Isac,Beier,,,,,,,,,,,
Corbin Hahn,hahnc@teamturtle319outlook.onmicrosoft.com,C#Javascript,No,Corbin,Hahn,,,,,,,,,,,
Lila Jerde,jerdel@teamturtle319outlook.onmicrosoft.com,C#Javascript,No,Lila,Jerde,,,,,,,,,,,
Ernestine Walker,walkere@teamturtle319outlook.onmicrosoft.com,C#Javascript,No,Ernestine,Walker,,,,,,,,,,,
Clint Bins,binsc@teamturtle319outlook.onmicrosoft.com,C#Javascript,No,Clint,Bins,,,,,,,,,,,
Chase Jast,jastc@teamturtle319outlook.onmicrosoft.com,C#Javascript,No,Chase,Jast,,,,,,,,,,,
Rashawn Witting,wittingr@teamturtle319outlook.onmicrosoft.com,C#Javascript,No,Rashawn,Witting,,,,,,,,,,,
Gaston Schuppe,schuppeg@teamturtle319outlook.onmicrosoft.com,C#Javascript,No,Gaston,Schuppe,,,,,,,,,,,
Declan Anderson,andersond@teamturtle319outlook.onmicrosoft.com,C#Javascript,No,Declan,Anderson,,,,,,,,,,,
Adan Koelpin,koelpina@teamturtle319outlook.onmicrosoft.com,C#Javascript,No,Adan,Koelpin,,,,,,,,,,,
Patrick Lynch,lynchp@teamturtle319outlook.onmicrosoft.com,C#Javascript,No,Patrick,Lynch,,,,,,,,,,,
Iva Rau,raui@teamturtle319outlook.onmicrosoft.com,C#Javascript,No,Iva,Rau,,,,,,,,,,,
Kali Smitham,smithamk@teamturtle319outlook.onmicrosoft.com,C#Javascript,No,Kali,Smitham,,,,,,,,,,,
Linda Bradtke,bradtkel@teamturtle319outlook.onmicrosoft.com,C#Javascript,No,Linda,Bradtke,,,,,,,,,,,
Maureen Lynch,lynchm@teamturtle319outlook.onmicrosoft.com,C#Javascript,No,Maureen,Lynch,,,,,,,,,,,
Johann Wiegand,wiegandj@teamturtle319outlook.onmicrosoft.com,C#Javascript,No,Johann,Wiegand,,,,,,,,,,,
Morton Koepp,koeppm@teamturtle319outlook.onmicrosoft.com,C#Javascript,No,Morton,Koepp,,,,,,,,,,,
Edwin Gulgowski,gulgowskie@teamturtle319outlook.onmicrosoft.com,C#Javascript,No,Edwin,Gulgowski,,,,,,,,,,,
Dessie Bergstrom,bergstromd@teamturtle319outlook.onmicrosoft.com,C#Javascript,No,Dessie,Bergstrom,,,,,,,,,,,
Candelario Huels,huelsc@teamturtle319outlook.onmicrosoft.com,C#Javascript,No,Candelario,Huels,,,,,,,,,,,
Yvonne Abbott,abbotty@teamturtle319outlook.onmicrosoft.com,C#Javascript,No,Yvonne,Abbott,,,,,,,,,,,
Aubree Beatty,beattya@teamturtle319outlook.onmicrosoft.com,C#Javascript,No,Aubree,Beatty,,,,,,,,,,,
Maye Koss,kossm@teamturtle319outlook.onmicrosoft.com,C#Javascript,No,Maye,Koss,,,,,,,,,,,
Elwyn Hauck,haucke@teamturtle319outlook.onmicrosoft.com,C#Javascript,No,Elwyn,Hauck,,,,,,,,,,,
Connor Upton,uptonc@teamturtle319outlook.onmicrosoft.com,C#Javascript,No,Connor,Upton,,,,,,,,,,,
Jeramy Kuhn,kuhnj@teamturtle319outlook.onmicrosoft.com,C#Javascript,No,Jeramy,Kuhn,,,,,,,,,,,
Yessenia Fay,fayy@teamturtle319outlook.onmicrosoft.com,C#Javascript,No,Yessenia,Fay,,,,,,,,,,,
Isabell Farrell,farrelli@teamturtle319outlook.onmicrosoft.com,C#Javascript,No,Isabell,Farrell,,,,,,,,,,,
Luigi Ondricka,ondrickal@teamturtle319outlook.onmicrosoft.com,C#Javascript,No,Luigi,Ondricka,,,,,,,,,,,
Ceasar Davis,davisc@teamturtle319outlook.onmicrosoft.com,C#Javascript,No,Ceasar,Davis,,,,,,,,,,,
Coby Raynor,raynorc@teamturtle319outlook.onmicrosoft.com,C#Javascript,No,Coby,Raynor,,,,,,,,,,,
Filomena Kunde,kundef@teamturtle319outlook.onmicrosoft.com,C#Javascript,No,Filomena,Kunde,,,,,,,,,,,
Gaetano Casper,casperg@teamturtle319outlook.onmicrosoft.com,C#Javascript,No,Gaetano,Casper,,,,,,,,,,,
Dereck Kuhic,kuhicd@teamturtle319outlook.onmicrosoft.com,C#Javascript,No,Dereck,Kuhic,,,,,,,,,,,
Emmanuel Boyle,boylee@teamturtle319outlook.onmicrosoft.com,C#Javascript,No,Emmanuel,Boyle,,,,,,,,,,,
Lucile Wiza,wizal@teamturtle319outlook.onmicrosoft.com,C#Javascript,No,Lucile,Wiza,,,,,,,,,,,
Mertie Donnelly,donnellym@teamturtle319outlook.onmicrosoft.com,C#Javascript,No,Mertie,Donnelly,,,,,,,,,,,
Deangelo Collier,collierd@teamturtle319outlook.onmicrosoft.com,C#Javascript,No,Deangelo,Collier,,,,,,,,,,,
Jade Stroman,stromanj@teamturtle319outlook.onmicrosoft.com,C#Javascript,No,Jade,Stroman,,,,,,,,,,,
Lindsey Dach,dachl@teamturtle319outlook.onmicrosoft.com,C#Javascript,No,Lindsey,Dach,,,,,,,,,,,
Shawn Bayer,bayers@teamturtle319outlook.onmicrosoft.com,C#Javascript,No,Shawn,Bayer,,,,,,,,,,,
Margaretta Schroeder,schroederm@teamturtle319outlook.onmicrosoft.com,C#Javascript,No,Margaretta,Schroeder,,,,,,,,,,,
Pearlie Cummings,cummingsp@teamturtle319outlook.onmicrosoft.com,C#Javascript,No,Pearlie,Cummings,,,,,,,,,,,
Fredy Kshlerin,kshlerinf@teamturtle319outlook.onmicrosoft.com,C#Javascript,No,Fredy,Kshlerin,,,,,,,,,,,
Roderick Skiles,skilesr@teamturtle319outlook.onmicrosoft.com,C#Javascript,No,Roderick,Skiles,,,,,,,,,,,
Willard Cruickshank,cruickshankw@teamturtle319outlook.onmicrosoft.com,C#Javascript,No,Willard,Cruickshank,,,,,,,,,,,
Carmine Mills,millsc@teamturtle319outlook.onmicrosoft.com,C#Javascript,No,Carmine,Mills,,,,,,,,,,,
Bettie Waelchi,waelchib@teamturtle319outlook.onmicrosoft.com,C#Javascript,No,Bettie,Waelchi,,,,,,,,,,,
Delia Wintheiser,wintheiserd@teamturtle319outlook.onmicrosoft.com,C#Javascript,No,Delia,Wintheiser,,,,,,,,,,,
Janet Gutmann,gutmannj@teamturtle319outlook.onmicrosoft.com,C#Javascript,No,Janet,Gutmann,,,,,,,,,,,
Ferne Hills,hillsf@teamturtle319outlook.onmicrosoft.com,C#Javascript,No,Ferne,Hills,,,,,,,,,,,
Talon Wisoky,wisokyt@teamturtle319outlook.onmicrosoft.com,C#Javascript,No,Talon,Wisoky,,,,,,,,,,,
Domenick Gleichner,gleichnerd@teamturtle319outlook.onmicrosoft.com,C#Javascript,No,Domenick,Gleichner,,,,,,,,,,,
Cordia Miller,millerc@teamturtle319outlook.onmicrosoft.com,C#Javascript,No,Cordia,Miller,,,,,,,,,,,
Samson Runolfsdottir,runolfsdottirs@teamturtle319outlook.onmicrosoft.com,C#Javascript,No,Samson,Runolfsdottir,,,,,,,,,,,
Kelsi Adams,adamsk@teamturtle319outlook.onmicrosoft.com,C#Javascript,No,Kelsi,Adams,,,,,,,,,,,
Deborah Friesen,friesend@teamturtle319outlook.onmicrosoft.com,C#Javascript,No,Deborah,Friesen,,,,,,,,,,,
Antoinette Prohaska,prohaskaa@teamturtle319outlook.onmicrosoft.com,C#Javascript,No,Antoinette,Prohaska,,,,,,,,,,,
Declan Prosacco,prosaccod@teamturtle319outlook.onmicrosoft.com,C#Javascript,No,Declan,Prosacco,,,,,,,,,,,
Brooks Olson,olsonb@teamturtle319outlook.onmicrosoft.com,C#Javascript,No,Brooks,Olson,,,,,,,,,,,
Rylee Ruecker,rueckerr@teamturtle319outlook.onmicrosoft.com,C#Javascript,No,Rylee,Ruecker,,,,,,,,,,,
Ashley Kovacek,kovaceka@teamturtle319outlook.onmicrosoft.com,C#Javascript,No,Ashley,Kovacek,,,,,,,,,,,
Kelvin Graham,grahamk@teamturtle319outlook.onmicrosoft.com,C#Javascript,No,Kelvin,Graham,,,,,,,,,,,
Keshaun Jakubowski,jakubowskik@teamturtle319outlook.onmicrosoft.com,C#Javascript,No,Keshaun,Jakubowski,,,,,,,,,,,
